id,published,first_seen,source,outlet,outlet_country,language,title,url,sentiment,sentiment_score,sentiment_engine,topics,criticism,countries,text
demo00011,2026-10-07T19:29:00+00:00,2026-10-07T19:29:00+00:00,GDELT news,globalwire.example,,en,"Explosion near UN compound in Sudan, staff relocated",https://example.org/demo/demo00011,negative,-1.0,demo,Security incidents|Travel advisories & restrictions,False,SDN,"Explosion near UN compound in Sudan, staff relocated"
demo00001,2026-10-07T16:46:00+00:00,2026-10-07T16:46:00+00:00,Google News,Sample Gazette,,en,Aid workers killed in Colombia as UN raises security level,https://example.org/demo/demo00001,negative,-1.0,demo,Security incidents|Travel advisories & restrictions|Staff safety,False,COL,Aid workers killed in Colombia as UN raises security level
demo00008,2026-10-07T16:45:00+00:00,2026-10-07T16:45:00+00:00,Reddit,r/humanitarian,,en,UN convoy attacked near Somalia; UNDSS reviewing security procedures,https://example.org/demo/demo00008,negative,-1.0,demo,Security incidents,False,SOM,UN convoy attacked near Somalia; UNDSS reviewing security procedures
demo00004,2026-10-07T07:26:00+00:00,2026-10-07T07:26:00+00:00,Reddit,r/UnitedNations,,fr,"Évacuation réussie du personnel de l'ONU au Mali, salue l'UNDSS",https://example.org/demo/demo00004,positive,1.0,demo,Travel advisories & restrictions|Staff safety,False,MLI,"Évacuation réussie du personnel de l'ONU au Mali, salue l'UNDSS"
demo00003,2026-10-07T05:52:00+00:00,2026-10-07T05:52:00+00:00,Google News,Example Times,,fr,Le Département de la sûreté et de la sécurité publie un rapport,https://example.org/demo/demo00003,neutral,0.0,demo,Institution & leadership,False,,Le Département de la sûreté et de la sécurité publie un rapport
demo00002,2026-10-07T05:46:00+00:00,2026-10-07T05:46:00+00:00,GDELT news,globalwire.example,,fr,Le personnel de l'ONU évacué après une embuscade au Liban,https://example.org/demo/demo00002,negative,-1.0,demo,Security incidents|Travel advisories & restrictions|Staff safety,False,LBN,Le personnel de l'ONU évacué après une embuscade au Liban
demo00006,2026-10-07T05:41:00+00:00,2026-10-07T05:41:00+00:00,Bluesky,@reporter.example,,en,"Explosion near UN compound in Sudan, staff relocated",https://example.org/demo/demo00006,negative,-1.0,demo,Security incidents|Travel advisories & restrictions,False,SDN,"Explosion near UN compound in Sudan, staff relocated"
demo00000,2026-10-07T01:32:00+00:00,2026-10-07T01:32:00+00:00,Google News,El Ejemplo,,fr,Le personnel de l'ONU évacué après une embuscade au Soudan,https://example.org/demo/demo00000,negative,-1.0,demo,Security incidents|Travel advisories & restrictions|Staff safety,False,SDN,Le personnel de l'ONU évacué après une embuscade au Soudan
demo00005,2026-10-07T00:57:00+00:00,2026-10-07T00:57:00+00:00,GDELT news,lemonde-demo.example,,ar,هجوم على قافلة للأمم المتحدة في السودان,https://example.org/demo/demo00005,negative,-1.0,demo,Security incidents,False,SDN,هجوم على قافلة للأمم المتحدة في السودان
demo00009,2026-10-07T00:38:00+00:00,2026-10-07T00:38:00+00:00,GDELT news,globalwire.example,,en,UNDSS accused of risk aversion limiting aid access in Somalia,https://example.org/demo/demo00009,negative,-1.0,demo,Institution & leadership,True,SOM,UNDSS accused of risk aversion limiting aid access in Somalia
demo00010,2026-10-06T22:45:00+00:00,2026-10-06T22:45:00+00:00,GDELT news,worldnews.example,,en,UN convoy attacked near South Sudan; UNDSS reviewing security procedures,https://example.org/demo/demo00010,negative,-1.0,demo,Security incidents,False,SSD|SDN,UN convoy attacked near South Sudan; UNDSS reviewing security procedures
demo00007,2026-10-06T20:05:00+00:00,2026-10-06T20:05:00+00:00,Google News,Sample Gazette,,fr,Attaque contre un convoi de l'ONU au Mali,https://example.org/demo/demo00007,negative,-1.0,demo,Security incidents,False,MLI,Attaque contre un convoi de l'ONU au Mali
demo00104,2026-10-06T15:41:00+00:00,2026-10-06T15:41:00+00:00,Google News,Sample Gazette,,en,UNDSS official briefs member states on field security,https://example.org/demo/demo00104,neutral,0.0,demo,Institution & leadership,False,,UNDSS official briefs member states on field security
demo00100,2026-10-06T14:03:00+00:00,2026-10-06T14:03:00+00:00,Google News,Demo Herald,,fr,"Évacuation réussie du personnel de l'ONU au Soudan, salue l'UNDSS",https://example.org/demo/demo00100,positive,1.0,demo,Travel advisories & restrictions|Staff safety,False,SDN,"Évacuation réussie du personnel de l'ONU au Soudan, salue l'UNDSS"
demo00103,2026-10-06T09:22:00+00:00,2026-10-06T09:22:00+00:00,Google News,Sample Gazette,,ar,نجاح إجلاء موظفي الأمم المتحدة من السودان,https://example.org/demo/demo00103,positive,1.0,demo,Travel advisories & restrictions|Staff safety,False,SDN,نجاح إجلاء موظفي الأمم المتحدة من السودان
demo00101,2026-10-06T01:48:00+00:00,2026-10-06T01:48:00+00:00,Google News,El Ejemplo,,en,"Explosion near UN compound in Nigeria, staff relocated",https://example.org/demo/demo00101,negative,-1.0,demo,Security incidents|Travel advisories & restrictions,False,NGA,"Explosion near UN compound in Nigeria, staff relocated"
demo00102,2026-10-05T23:05:00+00:00,2026-10-05T23:05:00+00:00,Bluesky,@reporter.example,,en,UNDSS accused of risk aversion limiting aid access in Afghanistan,https://example.org/demo/demo00102,negative,-1.0,demo,Institution & leadership,True,AFG,UNDSS accused of risk aversion limiting aid access in Afghanistan
demo00105,2026-10-05T20:32:00+00:00,2026-10-05T20:32:00+00:00,GDELT news,globalwire.example,,en,UN Department of Safety and Security publishes annual report,https://example.org/demo/demo00105,neutral,0.0,demo,Institution & leadership,False,,UN Department of Safety and Security publishes annual report
demo00201,2026-10-05T17:51:00+00:00,2026-10-05T17:51:00+00:00,Google News,Demo Herald,,en,"Explosion near UN compound in Gaza, staff relocated",https://example.org/demo/demo00201,negative,-1.0,demo,Security incidents|Travel advisories & restrictions,False,PSE,"Explosion near UN compound in Gaza, staff relocated"
demo00203,2026-10-05T17:18:00+00:00,2026-10-05T17:18:00+00:00,GDELT news,globalwire.example,,en,UNDSS official briefs member states on field security,https://example.org/demo/demo00203,neutral,0.0,demo,Institution & leadership,False,,UNDSS official briefs member states on field security
demo00200,2026-10-05T13:29:00+00:00,2026-10-05T13:29:00+00:00,Bluesky,@aidworker.example,,en,UNDSS accused of risk aversion limiting aid access in South Sudan,https://example.org/demo/demo00200,negative,-1.0,demo,Institution & leadership,True,SSD|SDN,UNDSS accused of risk aversion limiting aid access in South Sudan
demo00202,2026-10-05T05:30:00+00:00,2026-10-05T05:30:00+00:00,Bluesky,@reporter.example,,en,UNDSS updates travel advisory for Mali,https://example.org/demo/demo00202,neutral,0.0,demo,Travel advisories & restrictions,False,MLI,UNDSS updates travel advisory for Mali
demo00300,2026-10-04T10:37:00+00:00,2026-10-04T10:37:00+00:00,Reddit,r/UnitedNations,,en,UNDSS official briefs member states on field security,https://example.org/demo/demo00300,neutral,0.0,demo,Institution & leadership,False,,UNDSS official briefs member states on field security
demo00302,2026-10-04T08:52:00+00:00,2026-10-04T08:52:00+00:00,GDELT news,worldnews.example,,fr,Le personnel de l'ONU évacué après une embuscade au Syrie,https://example.org/demo/demo00302,negative,-1.0,demo,Security incidents|Travel advisories & restrictions|Staff safety,False,SYR,Le personnel de l'ONU évacué après une embuscade au Syrie
demo00301,2026-10-03T20:07:00+00:00,2026-10-03T20:07:00+00:00,GDELT news,worldnews.example,,ar,إدارة شؤون السلامة والأمن تحدث مستوى الأمن في سوريا,https://example.org/demo/demo00301,neutral,0.0,demo,Institution & leadership,False,SYR,إدارة شؤون السلامة والأمن تحدث مستوى الأمن في سوريا
demo00400,2026-10-03T05:31:00+00:00,2026-10-03T05:31:00+00:00,GDELT news,worldnews.example,,en,UNDSS updates travel advisory for Afghanistan,https://example.org/demo/demo00400,neutral,0.0,demo,Travel advisories & restrictions,False,AFG,UNDSS updates travel advisory for Afghanistan
demo00401,2026-10-03T04:55:00+00:00,2026-10-03T04:55:00+00:00,GDELT news,worldnews.example,,en,UNDSS updates travel advisory for Sudan,https://example.org/demo/demo00401,neutral,0.0,demo,Travel advisories & restrictions,False,SDN,UNDSS updates travel advisory for Sudan
demo00402,2026-10-03T04:48:00+00:00,2026-10-03T04:48:00+00:00,Bluesky,@analyst.example,,ar,إدارة شؤون السلامة والأمن تحدث مستوى الأمن في سوريا,https://example.org/demo/demo00402,neutral,0.0,demo,Institution & leadership,False,SYR,إدارة شؤون السلامة والأمن تحدث مستوى الأمن في سوريا
demo00403,2026-10-02T20:19:00+00:00,2026-10-02T20:19:00+00:00,Google News,Sample Gazette,,en,"UN staff in Haiti told to follow new curfew, says UNDSS",https://example.org/demo/demo00403,neutral,0.0,demo,Travel advisories & restrictions|Staff safety,False,HTI,"UN staff in Haiti told to follow new curfew, says UNDSS"
demo00502,2026-10-02T18:03:00+00:00,2026-10-02T18:03:00+00:00,GDELT news,worldnews.example,,en,UNDSS accused of risk aversion limiting aid access in Somalia,https://example.org/demo/demo00502,negative,-1.0,demo,Institution & leadership,True,SOM,UNDSS accused of risk aversion limiting aid access in Somalia
demo00500,2026-10-02T16:25:00+00:00,2026-10-02T16:25:00+00:00,GDELT news,lemonde-demo.example,,es,Ataque contra convoy de la ONU en South Sudan deja heridos,https://example.org/demo/demo00500,negative,-1.0,demo,Security incidents,False,SSD|SDN,Ataque contra convoy de la ONU en South Sudan deja heridos
demo00501,2026-10-02T07:07:00+00:00,2026-10-02T07:07:00+00:00,Reddit,r/UnitedNations,,fr,Le personnel de l'ONU évacué après une embuscade au Haïti,https://example.org/demo/demo00501,negative,-1.0,demo,Security incidents|Travel advisories & restrictions|Staff safety,False,HTI,Le personnel de l'ONU évacué après une embuscade au Haïti
demo00601,2026-10-01T13:58:00+00:00,2026-10-01T13:58:00+00:00,GDELT news,worldnews.example,,en,UN Department of Safety and Security publishes annual report,https://example.org/demo/demo00601,neutral,0.0,demo,Institution & leadership,False,,UN Department of Safety and Security publishes annual report
demo00602,2026-10-01T12:57:00+00:00,2026-10-01T12:57:00+00:00,Google News,Demo Herald,,en,Aid workers killed in Nigeria as UN raises security level,https://example.org/demo/demo00602,negative,-1.0,demo,Security incidents|Travel advisories & restrictions|Staff safety,False,NGA,Aid workers killed in Nigeria as UN raises security level
demo00604,2026-09-30T23:38:00+00:00,2026-09-30T23:38:00+00:00,GDELT news,worldnews.example,,fr,Le personnel de l'ONU évacué après une embuscade au Mali,https://example.org/demo/demo00604,negative,-1.0,demo,Security incidents|Travel advisories & restrictions|Staff safety,False,MLI,Le personnel de l'ONU évacué après une embuscade au Mali
demo00600,2026-09-30T22:16:00+00:00,2026-09-30T22:16:00+00:00,Google News,Demo Herald,,ar,إدارة شؤون السلامة والأمن تحدث مستوى الأمن في سوريا,https://example.org/demo/demo00600,neutral,0.0,demo,Institution & leadership,False,SYR,إدارة شؤون السلامة والأمن تحدث مستوى الأمن في سوريا
demo00603,2026-09-30T22:15:00+00:00,2026-09-30T22:15:00+00:00,GDELT news,lemonde-demo.example,,en,"UN staff in Lebanon told to follow new curfew, says UNDSS",https://example.org/demo/demo00603,neutral,0.0,demo,Travel advisories & restrictions|Staff safety,False,LBN,"UN staff in Lebanon told to follow new curfew, says UNDSS"
demo00701,2026-09-30T17:38:00+00:00,2026-09-30T17:38:00+00:00,GDELT news,lemonde-demo.example,,en,UN Department of Safety and Security publishes annual report,https://example.org/demo/demo00701,neutral,0.0,demo,Institution & leadership,False,,UN Department of Safety and Security publishes annual report
demo00700,2026-09-30T08:13:00+00:00,2026-09-30T08:13:00+00:00,Google News,Example Times,,ar,إدارة شؤون السلامة والأمن تحدث مستوى الأمن في لبنان,https://example.org/demo/demo00700,neutral,0.0,demo,Institution & leadership,False,LBN,إدارة شؤون السلامة والأمن تحدث مستوى الأمن في لبنان
demo00800,2026-09-29T10:53:00+00:00,2026-09-29T10:53:00+00:00,GDELT news,worldnews.example,,en,UNDSS and NGOs agree joint security coordination in Somalia,https://example.org/demo/demo00800,positive,1.0,demo,Institution & leadership,False,SOM,UNDSS and NGOs agree joint security coordination in Somalia
demo00803,2026-09-29T06:18:00+00:00,2026-09-29T06:18:00+00:00,GDELT news,worldnews.example,,en,"Explosion near UN compound in Afghanistan, staff relocated",https://example.org/demo/demo00803,negative,-1.0,demo,Security incidents|Travel advisories & restrictions,False,AFG,"Explosion near UN compound in Afghanistan, staff relocated"
demo00804,2026-09-29T01:22:00+00:00,2026-09-29T01:22:00+00:00,Bluesky,@analyst.example,,ar,هجوم على قافلة للأمم المتحدة في سوريا,https://example.org/demo/demo00804,negative,-1.0,demo,Security incidents,False,SYR,هجوم على قافلة للأمم المتحدة في سوريا
demo00801,2026-09-29T00:50:00+00:00,2026-09-29T00:50:00+00:00,GDELT news,lemonde-demo.example,,ar,إدارة شؤون السلامة والأمن تحدث مستوى الأمن في سوريا,https://example.org/demo/demo00801,neutral,0.0,demo,Institution & leadership,False,SYR,إدارة شؤون السلامة والأمن تحدث مستوى الأمن في سوريا
demo00802,2026-09-28T23:20:00+00:00,2026-09-28T23:20:00+00:00,Google News,Demo Herald,,en,UN convoy attacked near Mali; UNDSS reviewing security procedures,https://example.org/demo/demo00802,negative,-1.0,demo,Security incidents,False,MLI,UN convoy attacked near Mali; UNDSS reviewing security procedures
demo00902,2026-09-28T19:18:00+00:00,2026-09-28T19:18:00+00:00,Bluesky,@analyst.example,,en,"UN staff in Nigeria told to follow new curfew, says UNDSS",https://example.org/demo/demo00902,neutral,0.0,demo,Travel advisories & restrictions|Staff safety,False,NGA,"UN staff in Nigeria told to follow new curfew, says UNDSS"
demo00901,2026-09-28T15:01:00+00:00,2026-09-28T15:01:00+00:00,Bluesky,@aidworker.example,,en,UNDSS and NGOs agree joint security coordination in Afghanistan,https://example.org/demo/demo00901,positive,1.0,demo,Institution & leadership,False,AFG,UNDSS and NGOs agree joint security coordination in Afghanistan
demo00900,2026-09-27T21:35:00+00:00,2026-09-27T21:35:00+00:00,GDELT news,worldnews.example,,en,Staff union criticizes UNDSS over slow evacuation from Lebanon,https://example.org/demo/demo00900,negative,-1.0,demo,Travel advisories & restrictions,False,LBN,Staff union criticizes UNDSS over slow evacuation from Lebanon
demo01002,2026-09-27T11:13:00+00:00,2026-09-27T11:13:00+00:00,Google News,El Ejemplo,,en,UNDSS updates travel advisory for DR Congo,https://example.org/demo/demo01002,neutral,0.0,demo,Travel advisories & restrictions,False,COD,UNDSS updates travel advisory for DR Congo
demo01004,2026-09-27T08:09:00+00:00,2026-09-27T08:09:00+00:00,GDELT news,worldnews.example,,fr,Attaque contre un convoi de l'ONU au Syrie,https://example.org/demo/demo01004,negative,-1.0,demo,Security incidents,False,SYR,Attaque contre un convoi de l'ONU au Syrie
demo01001,2026-09-27T07:22:00+00:00,2026-09-27T07:22:00+00:00,Google News,Demo Herald,,ar,نجاح إجلاء موظفي الأمم المتحدة من غزة,https://example.org/demo/demo01001,positive,1.0,demo,Travel advisories & restrictions|Staff safety,False,PSE,نجاح إجلاء موظفي الأمم المتحدة من غزة
demo01000,2026-09-27T05:17:00+00:00,2026-09-27T05:17:00+00:00,GDELT news,dailyreport.example,,fr,L'UNDSS relève le niveau de sécurité au Soudan,https://example.org/demo/demo01000,neutral,0.0,demo,Travel advisories & restrictions,False,SDN,L'UNDSS relève le niveau de sécurité au Soudan
demo01003,2026-09-26T21:55:00+00:00,2026-09-26T21:55:00+00:00,GDELT news,dailyreport.example,,en,"UN staff in Yemen told to follow new curfew, says UNDSS",https://example.org/demo/demo01003,neutral,0.0,demo,Travel advisories & restrictions|Staff safety,False,YEM,"UN staff in Yemen told to follow new curfew, says UNDSS"
demo01100,2026-09-26T11:26:00+00:00,2026-09-26T11:26:00+00:00,GDELT news,dailyreport.example,,en,Aid workers killed in Myanmar as UN raises security level,https://example.org/demo/demo01100,negative,-1.0,demo,Security incidents|Travel advisories & restrictions|Staff safety,False,MMR,Aid workers killed in Myanmar as UN raises security level
demo01101,2026-09-26T08:47:00+00:00,2026-09-26T08:47:00+00:00,GDELT news,lemonde-demo.example,,en,UN Department of Safety and Security publishes annual report,https://example.org/demo/demo01101,neutral,0.0,demo,Institution & leadership,False,,UN Department of Safety and Security publishes annual report
demo01200,2026-09-25T08:53:00+00:00,2026-09-25T08:53:00+00:00,GDELT news,worldnews.example,,en,Staff union criticizes UNDSS over slow evacuation from Colombia,https://example.org/demo/demo01200,negative,-1.0,demo,Travel advisories & restrictions,False,COL,Staff union criticizes UNDSS over slow evacuation from Colombia
demo01202,2026-09-25T06:58:00+00:00,2026-09-25T06:58:00+00:00,GDELT news,worldnews.example,,en,"UN staff in Afghanistan told to follow new curfew, says UNDSS",https://example.org/demo/demo01202,neutral,0.0,demo,Travel advisories & restrictions|Staff safety,False,AFG,"UN staff in Afghanistan told to follow new curfew, says UNDSS"
demo01201,2026-09-25T06:08:00+00:00,2026-09-25T06:08:00+00:00,Bluesky,@aidworker.example,,en,UNDSS updates travel advisory for Mali,https://example.org/demo/demo01201,neutral,0.0,demo,Travel advisories & restrictions,False,MLI,UNDSS updates travel advisory for Mali
demo01302,2026-09-24T12:55:00+00:00,2026-09-24T12:55:00+00:00,GDELT news,dailyreport.example,,en,UNDSS official briefs member states on field security,https://example.org/demo/demo01302,neutral,0.0,demo,Institution & leadership,False,,UNDSS official briefs member states on field security
demo01301,2026-09-24T07:17:00+00:00,2026-09-24T07:17:00+00:00,GDELT news,dailyreport.example,,en,UNDSS praised for safe evacuation of UN staff from Afghanistan,https://example.org/demo/demo01301,positive,1.0,demo,Travel advisories & restrictions|Staff safety,False,AFG,UNDSS praised for safe evacuation of UN staff from Afghanistan
demo01300,2026-09-24T05:41:00+00:00,2026-09-24T05:41:00+00:00,GDELT news,lemonde-demo.example,,en,UNDSS praised for safe evacuation of UN staff from Syria,https://example.org/demo/demo01300,positive,1.0,demo,Travel advisories & restrictions|Staff safety,False,SYR,UNDSS praised for safe evacuation of UN staff from Syria
demo01401,2026-09-23T00:45:00+00:00,2026-09-23T00:45:00+00:00,GDELT news,dailyreport.example,,en,UNDSS praised for safe evacuation of UN staff from South Sudan,https://example.org/demo/demo01401,positive,1.0,demo,Travel advisories & restrictions|Staff safety,False,SSD|SDN,UNDSS praised for safe evacuation of UN staff from South Sudan
demo01400,2026-09-23T00:36:00+00:00,2026-09-23T00:36:00+00:00,GDELT news,globalwire.example,,es,Elogian a UNDSS por apoyo a trabajadores humanitarios en Haiti,https://example.org/demo/demo01400,positive,1.0,demo,Staff safety,False,HTI,Elogian a UNDSS por apoyo a trabajadores humanitarios en Haiti
demo01500,2026-09-22T18:19:00+00:00,2026-09-22T18:19:00+00:00,Google News,Example Times,,en,New UN security training welcomed by humanitarian partners,https://example.org/demo/demo01500,positive,1.0,demo,Institution & leadership,False,,New UN security training welcomed by humanitarian partners
demo01501,2026-09-22T14:58:00+00:00,2026-09-22T14:58:00+00:00,GDELT news,worldnews.example,,fr,L'UNDSS relève le niveau de sécurité au Syrie,https://example.org/demo/demo01501,neutral,0.0,demo,Travel advisories & restrictions,False,SYR,L'UNDSS relève le niveau de sécurité au Syrie
demo01601,2026-09-21T03:54:00+00:00,2026-09-21T03:54:00+00:00,GDELT news,globalwire.example,,en,UN Department of Safety and Security publishes annual report,https://example.org/demo/demo01601,neutral,0.0,demo,Institution & leadership,False,,UN Department of Safety and Security publishes annual report
demo01600,2026-09-21T02:28:00+00:00,2026-09-21T02:28:00+00:00,Reddit,r/UnitedNations,,en,"UN staff in Ukraine told to follow new curfew, says UNDSS",https://example.org/demo/demo01600,neutral,0.0,demo,Travel advisories & restrictions|Staff safety,False,UKR,"UN staff in Ukraine told to follow new curfew, says UNDSS"
demo01701,2026-09-20T19:10:00+00:00,2026-09-20T19:10:00+00:00,Google News,Example Times,,fr,L'UNDSS relève le niveau de sécurité au Niger,https://example.org/demo/demo01701,neutral,0.0,demo,Travel advisories & restrictions,False,NER,L'UNDSS relève le niveau de sécurité au Niger
demo01702,2026-09-20T16:23:00+00:00,2026-09-20T16:23:00+00:00,GDELT news,globalwire.example,,en,"UN staff in Sudan told to follow new curfew, says UNDSS",https://example.org/demo/demo01702,neutral,0.0,demo,Travel advisories & restrictions|Staff safety,False,SDN,"UN staff in Sudan told to follow new curfew, says UNDSS"
demo01700,2026-09-20T06:49:00+00:00,2026-09-20T06:49:00+00:00,Bluesky,@reporter.example,,en,UNDSS and NGOs agree joint security coordination in Lebanon,https://example.org/demo/demo01700,positive,1.0,demo,Institution & leadership,False,LBN,UNDSS and NGOs agree joint security coordination in Lebanon
demo01800,2026-09-19T19:17:00+00:00,2026-09-19T19:17:00+00:00,GDELT news,globalwire.example,,en,Staff union criticizes UNDSS over slow evacuation from DR Congo,https://example.org/demo/demo01800,negative,-1.0,demo,Travel advisories & restrictions,False,COD,Staff union criticizes UNDSS over slow evacuation from DR Congo
demo01803,2026-09-19T17:08:00+00:00,2026-09-19T17:08:00+00:00,GDELT news,worldnews.example,,fr,Le Département de la sûreté et de la sécurité publie un rapport,https://example.org/demo/demo01803,neutral,0.0,demo,Institution & leadership,False,,Le Département de la sûreté et de la sécurité publie un rapport
demo01804,2026-09-19T03:04:00+00:00,2026-09-19T03:04:00+00:00,Google News,El Ejemplo,,en,Staff union criticizes UNDSS over slow evacuation from Colombia,https://example.org/demo/demo01804,negative,-1.0,demo,Travel advisories & restrictions,False,COL,Staff union criticizes UNDSS over slow evacuation from Colombia
demo01801,2026-09-19T02:01:00+00:00,2026-09-19T02:01:00+00:00,GDELT news,dailyreport.example,,en,"Explosion near UN compound in Somalia, staff relocated",https://example.org/demo/demo01801,negative,-1.0,demo,Security incidents|Travel advisories & restrictions,False,SOM,"Explosion near UN compound in Somalia, staff relocated"
demo01802,2026-09-19T00:03:00+00:00,2026-09-19T00:03:00+00:00,GDELT news,worldnews.example,,es,Elogian a UNDSS por apoyo a trabajadores humanitarios en Afghanistan,https://example.org/demo/demo01802,positive,1.0,demo,Staff safety,False,AFG,Elogian a UNDSS por apoyo a trabajadores humanitarios en Afghanistan
demo01901,2026-09-18T14:26:00+00:00,2026-09-18T14:26:00+00:00,GDELT news,worldnews.example,,en,UNDSS official briefs member states on field security,https://example.org/demo/demo01901,neutral,0.0,demo,Institution & leadership,False,,UNDSS official briefs member states on field security
demo01902,2026-09-18T09:40:00+00:00,2026-09-18T09:40:00+00:00,GDELT news,dailyreport.example,,es,UNDSS actualiza el nivel de seguridad en Mali,https://example.org/demo/demo01902,neutral,0.0,demo,Travel advisories & restrictions,False,MLI,UNDSS actualiza el nivel de seguridad en Mali
demo01904,2026-09-18T03:14:00+00:00,2026-09-18T03:14:00+00:00,Google News,El Ejemplo,,en,UNDSS official briefs member states on field security,https://example.org/demo/demo01904,neutral,0.0,demo,Institution & leadership,False,,UNDSS official briefs member states on field security
demo01903,2026-09-18T01:03:00+00:00,2026-09-18T01:03:00+00:00,GDELT news,lemonde-demo.example,,ar,هجوم على قافلة للأمم المتحدة في السودان,https://example.org/demo/demo01903,negative,-1.0,demo,Security incidents,False,SDN,هجوم على قافلة للأمم المتحدة في السودان
demo01900,2026-09-18T00:36:00+00:00,2026-09-18T00:36:00+00:00,Google News,Sample Gazette,,en,UNDSS official briefs member states on field security,https://example.org/demo/demo01900,neutral,0.0,demo,Institution & leadership,False,,UNDSS official briefs member states on field security
demo02003,2026-09-17T07:06:00+00:00,2026-09-17T07:06:00+00:00,Google News,El Ejemplo,,en,UNDSS and NGOs agree joint security coordination in Syria,https://example.org/demo/demo02003,positive,1.0,demo,Institution & leadership,False,SYR,UNDSS and NGOs agree joint security coordination in Syria
demo02002,2026-09-17T04:35:00+00:00,2026-09-17T04:35:00+00:00,Google News,Demo Herald,,en,"Explosion near UN compound in Mali, staff relocated",https://example.org/demo/demo02002,negative,-1.0,demo,Security incidents|Travel advisories & restrictions,False,MLI,"Explosion near UN compound in Mali, staff relocated"
demo02000,2026-09-17T03:54:00+00:00,2026-09-17T03:54:00+00:00,Reddit,r/worldnews,,en,Staff union criticizes UNDSS over slow evacuation from South Sudan,https://example.org/demo/demo02000,negative,-1.0,demo,Travel advisories & restrictions,False,SSD|SDN,Staff union criticizes UNDSS over slow evacuation from South Sudan
demo02001,2026-09-16T21:20:00+00:00,2026-09-16T21:20:00+00:00,Google News,Demo Herald,,es,Elogian a UNDSS por apoyo a trabajadores humanitarios en Afghanistan,https://example.org/demo/demo02001,positive,1.0,demo,Staff safety,False,AFG,Elogian a UNDSS por apoyo a trabajadores humanitarios en Afghanistan
demo02102,2026-09-16T14:25:00+00:00,2026-09-16T14:25:00+00:00,Google News,Example Times,,en,UNDSS praised for safe evacuation of UN staff from Gaza,https://example.org/demo/demo02102,positive,1.0,demo,Travel advisories & restrictions|Staff safety,False,PSE,UNDSS praised for safe evacuation of UN staff from Gaza
demo02101,2026-09-16T09:29:00+00:00,2026-09-16T09:29:00+00:00,GDELT news,worldnews.example,,en,UN Department of Safety and Security publishes annual report,https://example.org/demo/demo02101,neutral,0.0,demo,Institution & leadership,False,,UN Department of Safety and Security publishes annual report
demo02104,2026-09-16T06:39:00+00:00,2026-09-16T06:39:00+00:00,Bluesky,@analyst.example,,en,UNDSS and NGOs agree joint security coordination in DR Congo,https://example.org/demo/demo02104,positive,1.0,demo,Institution & leadership,False,COD,UNDSS and NGOs agree joint security coordination in DR Congo
demo02103,2026-09-16T05:38:00+00:00,2026-09-16T05:38:00+00:00,Google News,Example Times,,en,UNDSS updates travel advisory for DR Congo,https://example.org/demo/demo02103,neutral,0.0,demo,Travel advisories & restrictions,False,COD,UNDSS updates travel advisory for DR Congo
demo02100,2026-09-16T02:36:00+00:00,2026-09-16T02:36:00+00:00,GDELT news,lemonde-demo.example,,es,Ataque contra convoy de la ONU en Somalia deja heridos,https://example.org/demo/demo02100,negative,-1.0,demo,Security incidents,False,SOM,Ataque contra convoy de la ONU en Somalia deja heridos
demo02200,2026-09-15T14:53:00+00:00,2026-09-15T14:53:00+00:00,GDELT news,globalwire.example,,en,Staff union criticizes UNDSS over slow evacuation from Haiti,https://example.org/demo/demo02200,negative,-1.0,demo,Travel advisories & restrictions,False,HTI,Staff union criticizes UNDSS over slow evacuation from Haiti
demo02204,2026-09-15T02:41:00+00:00,2026-09-15T02:41:00+00:00,GDELT news,lemonde-demo.example,,en,"UN staff in Ukraine told to follow new curfew, says UNDSS",https://example.org/demo/demo02204,neutral,0.0,demo,Travel advisories & restrictions|Staff safety,False,UKR,"UN staff in Ukraine told to follow new curfew, says UNDSS"
demo02202,2026-09-15T01:42:00+00:00,2026-09-15T01:42:00+00:00,Bluesky,@aidworker.example,,en,"UN staff in Colombia told to follow new curfew, says UNDSS",https://example.org/demo/demo02202,neutral,0.0,demo,Travel advisories & restrictions|Staff safety,False,COL,"UN staff in Colombia told to follow new curfew, says UNDSS"
demo02201,2026-09-15T01:26:00+00:00,2026-09-15T01:26:00+00:00,GDELT news,dailyreport.example,,en,New UN security training welcomed by humanitarian partners,https://example.org/demo/demo02201,positive,1.0,demo,Institution & leadership,False,,New UN security training welcomed by humanitarian partners
demo02203,2026-09-15T00:16:00+00:00,2026-09-15T00:16:00+00:00,Reddit,r/worldnews,,en,Staff union criticizes UNDSS over slow evacuation from Ukraine,https://example.org/demo/demo02203,negative,-1.0,demo,Travel advisories & restrictions,False,UKR,Staff union criticizes UNDSS over slow evacuation from Ukraine
demo02301,2026-09-14T11:53:00+00:00,2026-09-14T11:53:00+00:00,Google News,Example Times,,ar,إدارة شؤون السلامة والأمن تحدث مستوى الأمن في الصومال,https://example.org/demo/demo02301,neutral,0.0,demo,Institution & leadership,False,SOM,إدارة شؤون السلامة والأمن تحدث مستوى الأمن في الصومال
demo02300,2026-09-13T23:21:00+00:00,2026-09-13T23:21:00+00:00,GDELT news,worldnews.example,,es,Elogian a UNDSS por apoyo a trabajadores humanitarios en Colombia,https://example.org/demo/demo02300,positive,1.0,demo,Staff safety,False,COL,Elogian a UNDSS por apoyo a trabajadores humanitarios en Colombia
demo02403,2026-09-13T06:35:00+00:00,2026-09-13T06:35:00+00:00,GDELT news,lemonde-demo.example,,en,UN convoy attacked near DR Congo; UNDSS reviewing security procedures,https://example.org/demo/demo02403,negative,-1.0,demo,Security incidents,False,COD,UN convoy attacked near DR Congo; UNDSS reviewing security procedures
demo02402,2026-09-13T03:49:00+00:00,2026-09-13T03:49:00+00:00,GDELT news,globalwire.example,,en,UNDSS updates travel advisory for DR Congo,https://example.org/demo/demo02402,neutral,0.0,demo,Travel advisories & restrictions,False,COD,UNDSS updates travel advisory for DR Congo
demo02400,2026-09-13T01:09:00+00:00,2026-09-13T01:09:00+00:00,Reddit,r/humanitarian,,en,New UN security training welcomed by humanitarian partners,https://example.org/demo/demo02400,positive,1.0,demo,Institution & leadership,False,,New UN security training welcomed by humanitarian partners
demo02401,2026-09-12T22:01:00+00:00,2026-09-12T22:01:00+00:00,Google News,Sample Gazette,,es,Elogian a UNDSS por apoyo a trabajadores humanitarios en Sudan,https://example.org/demo/demo02401,positive,1.0,demo,Staff safety,False,SDN,Elogian a UNDSS por apoyo a trabajadores humanitarios en Sudan
demo02502,2026-09-12T19:20:00+00:00,2026-09-12T19:20:00+00:00,GDELT news,lemonde-demo.example,,en,UNDSS official briefs member states on field security,https://example.org/demo/demo02502,neutral,0.0,demo,Institution & leadership,False,,UNDSS official briefs member states on field security
demo02503,2026-09-12T18:11:00+00:00,2026-09-12T18:11:00+00:00,GDELT news,worldnews.example,,fr,L'UNDSS relève le niveau de sécurité au Niger,https://example.org/demo/demo02503,neutral,0.0,demo,Travel advisories & restrictions,False,NER,L'UNDSS relève le niveau de sécurité au Niger
demo02501,2026-09-12T12:05:00+00:00,2026-09-12T12:05:00+00:00,Google News,Demo Herald,,en,Aid workers killed in Colombia as UN raises security level,https://example.org/demo/demo02501,negative,-1.0,demo,Security incidents|Travel advisories & restrictions|Staff safety,False,COL,Aid workers killed in Colombia as UN raises security level
demo02500,2026-09-12T04:23:00+00:00,2026-09-12T04:23:00+00:00,GDELT news,worldnews.example,,es,UNDSS actualiza el nivel de seguridad en Sudan,https://example.org/demo/demo02500,neutral,0.0,demo,Travel advisories & restrictions,False,SDN,UNDSS actualiza el nivel de seguridad en Sudan
demo02601,2026-09-11T16:41:00+00:00,2026-09-11T16:41:00+00:00,GDELT news,worldnews.example,,en,UNDSS and NGOs agree joint security coordination in Lebanon,https://example.org/demo/demo02601,positive,1.0,demo,Institution & leadership,False,LBN,UNDSS and NGOs agree joint security coordination in Lebanon
demo02600,2026-09-11T03:09:00+00:00,2026-09-11T03:09:00+00:00,Google News,Demo Herald,,es,Elogian a UNDSS por apoyo a trabajadores humanitarios en Afghanistan,https://example.org/demo/demo02600,positive,1.0,demo,Staff safety,False,AFG,Elogian a UNDSS por apoyo a trabajadores humanitarios en Afghanistan
demo02603,2026-09-10T21:32:00+00:00,2026-09-10T21:32:00+00:00,Google News,Example Times,,en,UNDSS official briefs member states on field security,https://example.org/demo/demo02603,neutral,0.0,demo,Institution & leadership,False,,UNDSS official briefs member states on field security
demo02602,2026-09-10T20:48:00+00:00,2026-09-10T20:48:00+00:00,Bluesky,@aidworker.example,,en,UNDSS praised for safe evacuation of UN staff from Sudan,https://example.org/demo/demo02602,positive,1.0,demo,Travel advisories & restrictions|Staff safety,False,SDN,UNDSS praised for safe evacuation of UN staff from Sudan
demo02703,2026-09-10T08:58:00+00:00,2026-09-10T08:58:00+00:00,Google News,Demo Herald,,en,UN Department of Safety and Security publishes annual report,https://example.org/demo/demo02703,neutral,0.0,demo,Institution & leadership,False,,UN Department of Safety and Security publishes annual report
demo02705,2026-09-10T07:24:00+00:00,2026-09-10T07:24:00+00:00,Google News,Example Times,,en,"UN staff in Syria told to follow new curfew, says UNDSS",https://example.org/demo/demo02705,neutral,0.0,demo,Travel advisories & restrictions|Staff safety,False,SYR,"UN staff in Syria told to follow new curfew, says UNDSS"
demo02702,2026-09-10T06:02:00+00:00,2026-09-10T06:02:00+00:00,GDELT news,lemonde-demo.example,,en,UNDSS official briefs member states on field security,https://example.org/demo/demo02702,neutral,0.0,demo,Institution & leadership,False,,UNDSS official briefs member states on field security
demo02704,2026-09-10T05:27:00+00:00,2026-09-10T05:27:00+00:00,Google News,Example Times,,fr,Le Département de la sûreté et de la sécurité publie un rapport,https://example.org/demo/demo02704,neutral,0.0,demo,Institution & leadership,False,,Le Département de la sûreté et de la sécurité publie un rapport
demo02700,2026-09-09T21:20:00+00:00,2026-09-09T21:20:00+00:00,Google News,Demo Herald,,fr,L'UNDSS relève le niveau de sécurité au Haïti,https://example.org/demo/demo02700,neutral,0.0,demo,Travel advisories & restrictions,False,HTI,L'UNDSS relève le niveau de sécurité au Haïti
demo02701,2026-09-09T20:02:00+00:00,2026-09-09T20:02:00+00:00,GDELT news,globalwire.example,,en,"Explosion near UN compound in Haiti, staff relocated",https://example.org/demo/demo02701,negative,-1.0,demo,Security incidents|Travel advisories & restrictions,False,HTI,"Explosion near UN compound in Haiti, staff relocated"
demo02802,2026-09-09T17:07:00+00:00,2026-09-09T17:07:00+00:00,GDELT news,globalwire.example,,es,UNDSS actualiza el nivel de seguridad en Lebanon,https://example.org/demo/demo02802,neutral,0.0,demo,Travel advisories & restrictions,False,LBN,UNDSS actualiza el nivel de seguridad en Lebanon
demo02800,2026-09-09T06:00:00+00:00,2026-09-09T06:00:00+00:00,Google News,Sample Gazette,,ar,هجوم على قافلة للأمم المتحدة في الصومال,https://example.org/demo/demo02800,negative,-1.0,demo,Security incidents,False,SOM,هجوم على قافلة للأمم المتحدة في الصومال
demo02801,2026-09-09T01:49:00+00:00,2026-09-09T01:49:00+00:00,GDELT news,dailyreport.example,,en,UNDSS official briefs member states on field security,https://example.org/demo/demo02801,neutral,0.0,demo,Institution & leadership,False,,UNDSS official briefs member states on field security
demo02903,2026-09-08T14:57:00+00:00,2026-09-08T14:57:00+00:00,GDELT news,worldnews.example,,ar,نجاح إجلاء موظفي الأمم المتحدة من غزة,https://example.org/demo/demo02903,positive,1.0,demo,Travel advisories & restrictions|Staff safety,False,PSE,نجاح إجلاء موظفي الأمم المتحدة من غزة
demo02900,2026-09-08T10:39:00+00:00,2026-09-08T10:39:00+00:00,Google News,Demo Herald,,en,Staff union criticizes UNDSS over slow evacuation from Sudan,https://example.org/demo/demo02900,negative,-1.0,demo,Travel advisories & restrictions,False,SDN,Staff union criticizes UNDSS over slow evacuation from Sudan
demo02902,2026-09-08T08:33:00+00:00,2026-09-08T08:33:00+00:00,Google News,Sample Gazette,,en,New UN security training welcomed by humanitarian partners,https://example.org/demo/demo02902,positive,1.0,demo,Institution & leadership,False,,New UN security training welcomed by humanitarian partners
demo02901,2026-09-08T03:57:00+00:00,2026-09-08T03:57:00+00:00,GDELT news,dailyreport.example,,en,UNDSS accused of risk aversion limiting aid access in Afghanistan,https://example.org/demo/demo02901,negative,-1.0,demo,Institution & leadership,True,AFG,UNDSS accused of risk aversion limiting aid access in Afghanistan
demo03001,2026-09-07T15:32:00+00:00,2026-09-07T15:32:00+00:00,Google News,Demo Herald,,en,UNDSS official briefs member states on field security,https://example.org/demo/demo03001,neutral,0.0,demo,Institution & leadership,False,,UNDSS official briefs member states on field security
demo03000,2026-09-06T23:37:00+00:00,2026-09-06T23:37:00+00:00,GDELT news,dailyreport.example,,en,UN Department of Safety and Security publishes annual report,https://example.org/demo/demo03000,neutral,0.0,demo,Institution & leadership,False,,UN Department of Safety and Security publishes annual report
demo03100,2026-09-06T12:56:00+00:00,2026-09-06T12:56:00+00:00,GDELT news,worldnews.example,,en,UNDSS praised for safe evacuation of UN staff from Nigeria,https://example.org/demo/demo03100,positive,1.0,demo,Travel advisories & restrictions|Staff safety,False,NGA,UNDSS praised for safe evacuation of UN staff from Nigeria
demo03101,2026-09-06T07:07:00+00:00,2026-09-06T07:07:00+00:00,Bluesky,@reporter.example,,es,Ataque contra convoy de la ONU en Afghanistan deja heridos,https://example.org/demo/demo03101,negative,-1.0,demo,Security incidents,False,AFG,Ataque contra convoy de la ONU en Afghanistan deja heridos
demo03202,2026-09-05T16:30:00+00:00,2026-09-05T16:30:00+00:00,Google News,Sample Gazette,,ar,إدارة شؤون السلامة والأمن تحدث مستوى الأمن في الصومال,https://example.org/demo/demo03202,neutral,0.0,demo,Institution & leadership,False,SOM,إدارة شؤون السلامة والأمن تحدث مستوى الأمن في الصومال
demo03201,2026-09-05T15:40:00+00:00,2026-09-05T15:40:00+00:00,GDELT news,globalwire.example,,ar,نجاح إجلاء موظفي الأمم المتحدة من لبنان,https://example.org/demo/demo03201,positive,1.0,demo,Travel advisories & restrictions|Staff safety,False,LBN,نجاح إجلاء موظفي الأمم المتحدة من لبنان
demo03200,2026-09-05T08:57:00+00:00,2026-09-05T08:57:00+00:00,Bluesky,@analyst.example,,ar,نجاح إجلاء موظفي الأمم المتحدة من اليمن,https://example.org/demo/demo03200,positive,1.0,demo,Travel advisories & restrictions|Staff safety,False,YEM,نجاح إجلاء موظفي الأمم المتحدة من اليمن
demo03203,2026-09-05T05:45:00+00:00,2026-09-05T05:45:00+00:00,GDELT news,dailyreport.example,,en,UNDSS official briefs member states on field security,https://example.org/demo/demo03203,neutral,0.0,demo,Institution & leadership,False,,UNDSS official briefs member states on field security
demo03302,2026-09-04T05:06:00+00:00,2026-09-04T05:06:00+00:00,GDELT news,dailyreport.example,,en,"Explosion near UN compound in Haiti, staff relocated",https://example.org/demo/demo03302,negative,-1.0,demo,Security incidents|Travel advisories & restrictions,False,HTI,"Explosion near UN compound in Haiti, staff relocated"
demo03301,2026-09-03T21:55:00+00:00,2026-09-03T21:55:00+00:00,Bluesky,@aidworker.example,,ar,نجاح إجلاء موظفي الأمم المتحدة من الصومال,https://example.org/demo/demo03301,positive,1.0,demo,Travel advisories & restrictions|Staff safety,False,SOM,نجاح إجلاء موظفي الأمم المتحدة من الصومال
demo03300,2026-09-03T21:31:00+00:00,2026-09-03T21:31:00+00:00,GDELT news,lemonde-demo.example,,en,"Explosion near UN compound in Sudan, staff relocated",https://example.org/demo/demo03300,negative,-1.0,demo,Security incidents|Travel advisories & restrictions,False,SDN,"Explosion near UN compound in Sudan, staff relocated"
demo03401,2026-09-03T18:39:00+00:00,2026-09-03T18:39:00+00:00,GDELT news,dailyreport.example,,ar,هجوم على قافلة للأمم المتحدة في غزة,https://example.org/demo/demo03401,negative,-1.0,demo,Security incidents,False,PSE,هجوم على قافلة للأمم المتحدة في غزة
demo03400,2026-09-03T01:47:00+00:00,2026-09-03T01:47:00+00:00,GDELT news,worldnews.example,,en,UNDSS and NGOs agree joint security coordination in Syria,https://example.org/demo/demo03400,positive,1.0,demo,Institution & leadership,False,SYR,UNDSS and NGOs agree joint security coordination in Syria
demo03501,2026-09-02T13:55:00+00:00,2026-09-02T13:55:00+00:00,GDELT news,dailyreport.example,,es,UNDSS actualiza el nivel de seguridad en Afghanistan,https://example.org/demo/demo03501,neutral,0.0,demo,Travel advisories & restrictions,False,AFG,UNDSS actualiza el nivel de seguridad en Afghanistan
demo03500,2026-09-02T12:35:00+00:00,2026-09-02T12:35:00+00:00,Google News,Sample Gazette,,en,Staff union criticizes UNDSS over slow evacuation from Nigeria,https://example.org/demo/demo03500,negative,-1.0,demo,Travel advisories & restrictions,False,NGA,Staff union criticizes UNDSS over slow evacuation from Nigeria
demo03503,2026-09-02T08:20:00+00:00,2026-09-02T08:20:00+00:00,Reddit,r/humanitarian,,en,New UN security training welcomed by humanitarian partners,https://example.org/demo/demo03503,positive,1.0,demo,Institution & leadership,False,,New UN security training welcomed by humanitarian partners
demo03504,2026-09-02T03:22:00+00:00,2026-09-02T03:22:00+00:00,GDELT news,globalwire.example,,es,Ataque contra convoy de la ONU en South Sudan deja heridos,https://example.org/demo/demo03504,negative,-1.0,demo,Security incidents,False,SSD|SDN,Ataque contra convoy de la ONU en South Sudan deja heridos
demo03502,2026-09-02T03:06:00+00:00,2026-09-02T03:06:00+00:00,GDELT news,dailyreport.example,,es,Critican a UNDSS por fracaso en la protección del personal,https://example.org/demo/demo03502,negative,-1.0,demo,Institution & leadership,True,,Critican a UNDSS por fracaso en la protección del personal
demo03600,2026-09-01T15:09:00+00:00,2026-09-01T15:09:00+00:00,GDELT news,dailyreport.example,,en,UNDSS updates travel advisory for Syria,https://example.org/demo/demo03600,neutral,0.0,demo,Travel advisories & restrictions,False,SYR,UNDSS updates travel advisory for Syria
demo03603,2026-09-01T11:23:00+00:00,2026-09-01T11:23:00+00:00,Google News,Example Times,,en,UNDSS accused of risk aversion limiting aid access in Mali,https://example.org/demo/demo03603,negative,-1.0,demo,Institution & leadership,True,MLI,UNDSS accused of risk aversion limiting aid access in Mali
demo03601,2026-09-01T04:38:00+00:00,2026-09-01T04:38:00+00:00,Google News,Example Times,,en,UNDSS and NGOs agree joint security coordination in Nigeria,https://example.org/demo/demo03601,positive,1.0,demo,Institution & leadership,False,NGA,UNDSS and NGOs agree joint security coordination in Nigeria
demo03602,2026-08-31T20:01:00+00:00,2026-08-31T20:01:00+00:00,Google News,Demo Herald,,en,UN Department of Safety and Security publishes annual report,https://example.org/demo/demo03602,neutral,0.0,demo,Institution & leadership,False,,UN Department of Safety and Security publishes annual report
demo03704,2026-08-31T19:40:00+00:00,2026-08-31T19:40:00+00:00,GDELT news,worldnews.example,,fr,Le Département de la sûreté et de la sécurité publie un rapport,https://example.org/demo/demo03704,neutral,0.0,demo,Institution & leadership,False,,Le Département de la sûreté et de la sécurité publie un rapport
demo03700,2026-08-31T14:51:00+00:00,2026-08-31T14:51:00+00:00,GDELT news,globalwire.example,,en,UNDSS accused of risk aversion limiting aid access in South Sudan,https://example.org/demo/demo03700,negative,-1.0,demo,Institution & leadership,True,SSD|SDN,UNDSS accused of risk aversion limiting aid access in South Sudan
demo03703,2026-08-31T12:36:00+00:00,2026-08-31T12:36:00+00:00,Bluesky,@aidworker.example,,es,UNDSS actualiza el nivel de seguridad en Gaza,https://example.org/demo/demo03703,neutral,0.0,demo,Travel advisories & restrictions,False,PSE,UNDSS actualiza el nivel de seguridad en Gaza
demo03701,2026-08-31T05:43:00+00:00,2026-08-31T05:43:00+00:00,GDELT news,worldnews.example,,en,UNDSS official briefs member states on field security,https://example.org/demo/demo03701,neutral,0.0,demo,Institution & leadership,False,,UNDSS official briefs member states on field security
demo03702,2026-08-31T00:14:00+00:00,2026-08-31T00:14:00+00:00,GDELT news,globalwire.example,,en,"Explosion near UN compound in DR Congo, staff relocated",https://example.org/demo/demo03702,negative,-1.0,demo,Security incidents|Travel advisories & restrictions,False,COD,"Explosion near UN compound in DR Congo, staff relocated"
demo03809,2026-08-30T19:57:00+00:00,2026-08-30T19:57:00+00:00,Google News,Example Times,,en,UNDSS praised for safe evacuation of UN staff from Gaza,https://example.org/demo/demo03809,positive,1.0,demo,Travel advisories & restrictions|Staff safety,False,PSE,UNDSS praised for safe evacuation of UN staff from Gaza
demo03806,2026-08-30T17:47:00+00:00,2026-08-30T17:47:00+00:00,Bluesky,@reporter.example,,en,UN convoy attacked near DR Congo; UNDSS reviewing security procedures,https://example.org/demo/demo03806,negative,-1.0,demo,Security incidents,False,COD,UN convoy attacked near DR Congo; UNDSS reviewing security procedures
demo03808,2026-08-30T17:42:00+00:00,2026-08-30T17:42:00+00:00,Google News,El Ejemplo,,ar,هجوم على قافلة للأمم المتحدة في سوريا,https://example.org/demo/demo03808,negative,-1.0,demo,Security incidents,False,SYR,هجوم على قافلة للأمم المتحدة في سوريا
demo03800,2026-08-30T16:02:00+00:00,2026-08-30T16:02:00+00:00,GDELT news,globalwire.example,,fr,Attaque contre un convoi de l'ONU au Haïti,https://example.org/demo/demo03800,negative,-1.0,demo,Security incidents,False,HTI,Attaque contre un convoi de l'ONU au Haïti
demo03805,2026-08-30T15:20:00+00:00,2026-08-30T15:20:00+00:00,GDELT news,globalwire.example,,fr,Le personnel de l'ONU évacué après une embuscade au Syrie,https://example.org/demo/demo03805,negative,-1.0,demo,Security incidents|Travel advisories & restrictions|Staff safety,False,SYR,Le personnel de l'ONU évacué après une embuscade au Syrie
demo03801,2026-08-30T11:05:00+00:00,2026-08-30T11:05:00+00:00,Google News,Sample Gazette,,en,"UN staff in Nigeria told to follow new curfew, says UNDSS",https://example.org/demo/demo03801,neutral,0.0,demo,Travel advisories & restrictions|Staff safety,False,NGA,"UN staff in Nigeria told to follow new curfew, says UNDSS"
demo03810,2026-08-30T10:14:00+00:00,2026-08-30T10:14:00+00:00,GDELT news,dailyreport.example,,es,Ataque contra convoy de la ONU en South Sudan deja heridos,https://example.org/demo/demo03810,negative,-1.0,demo,Security incidents,False,SSD|SDN,Ataque contra convoy de la ONU en South Sudan deja heridos
demo03803,2026-08-30T06:24:00+00:00,2026-08-30T06:24:00+00:00,Google News,El Ejemplo,,en,UN convoy attacked near Syria; UNDSS reviewing security procedures,https://example.org/demo/demo03803,negative,-1.0,demo,Security incidents,False,SYR,UN convoy attacked near Syria; UNDSS reviewing security procedures
demo03802,2026-08-30T01:01:00+00:00,2026-08-30T01:01:00+00:00,Google News,Example Times,,en,UNDSS accused of risk aversion limiting aid access in Sudan,https://example.org/demo/demo03802,negative,-1.0,demo,Institution & leadership,True,SDN,UNDSS accused of risk aversion limiting aid access in Sudan
demo03804,2026-08-29T22:51:00+00:00,2026-08-29T22:51:00+00:00,Google News,El Ejemplo,,en,"Explosion near UN compound in Mali, staff relocated",https://example.org/demo/demo03804,negative,-1.0,demo,Security incidents|Travel advisories & restrictions,False,MLI,"Explosion near UN compound in Mali, staff relocated"
demo03807,2026-08-29T20:13:00+00:00,2026-08-29T20:13:00+00:00,GDELT news,dailyreport.example,,en,"Explosion near UN compound in Myanmar, staff relocated",https://example.org/demo/demo03807,negative,-1.0,demo,Security incidents|Travel advisories & restrictions,False,MMR,"Explosion near UN compound in Myanmar, staff relocated"
demo03907,2026-08-29T18:35:00+00:00,2026-08-29T18:35:00+00:00,Google News,Sample Gazette,,es,Critican a UNDSS por fracaso en la protección del personal,https://example.org/demo/demo03907,negative,-1.0,demo,Institution & leadership,True,,Critican a UNDSS por fracaso en la protección del personal
demo03909,2026-08-29T17:47:00+00:00,2026-08-29T17:47:00+00:00,Reddit,r/UnitedNations,,en,"Explosion near UN compound in Myanmar, staff relocated",https://example.org/demo/demo03909,negative,-1.0,demo,Security incidents|Travel advisories & restrictions,False,MMR,"Explosion near UN compound in Myanmar, staff relocated"
demo03901,2026-08-29T16:28:00+00:00,2026-08-29T16:28:00+00:00,Reddit,r/humanitarian,,en,Staff union criticizes UNDSS over slow evacuation from Myanmar,https://example.org/demo/demo03901,negative,-1.0,demo,Travel advisories & restrictions,False,MMR,Staff union criticizes UNDSS over slow evacuation from Myanmar
demo03906,2026-08-29T15:23:00+00:00,2026-08-29T15:23:00+00:00,Google News,Example Times,,en,Staff union criticizes UNDSS over slow evacuation from Lebanon,https://example.org/demo/demo03906,negative,-1.0,demo,Travel advisories & restrictions,False,LBN,Staff union criticizes UNDSS over slow evacuation from Lebanon
demo03904,2026-08-29T10:42:00+00:00,2026-08-29T10:42:00+00:00,GDELT news,worldnews.example,,en,"Explosion near UN compound in Gaza, staff relocated",https://example.org/demo/demo03904,negative,-1.0,demo,Security incidents|Travel advisories & restrictions,False,PSE,"Explosion near UN compound in Gaza, staff relocated"
demo03905,2026-08-29T08:47:00+00:00,2026-08-29T08:47:00+00:00,Reddit,r/worldnews,,es,Critican a UNDSS por fracaso en la protección del personal,https://example.org/demo/demo03905,negative,-1.0,demo,Institution & leadership,True,,Critican a UNDSS por fracaso en la protección del personal
demo03900,2026-08-29T08:20:00+00:00,2026-08-29T08:20:00+00:00,GDELT news,globalwire.example,,en,UNDSS praised for safe evacuation of UN staff from DR Congo,https://example.org/demo/demo03900,positive,1.0,demo,Travel advisories & restrictions|Staff safety,False,COD,UNDSS praised for safe evacuation of UN staff from DR Congo
demo03903,2026-08-29T02:11:00+00:00,2026-08-29T02:11:00+00:00,Google News,Demo Herald,,en,UNDSS accused of risk aversion limiting aid access in Somalia,https://example.org/demo/demo03903,negative,-1.0,demo,Institution & leadership,True,SOM,UNDSS accused of risk aversion limiting aid access in Somalia
demo03902,2026-08-28T23:52:00+00:00,2026-08-28T23:52:00+00:00,Google News,Sample Gazette,,en,UN Department of Safety and Security publishes annual report,https://example.org/demo/demo03902,neutral,0.0,demo,Institution & leadership,False,,UN Department of Safety and Security publishes annual report
demo03908,2026-08-28T22:57:00+00:00,2026-08-28T22:57:00+00:00,Google News,El Ejemplo,,en,UNDSS accused of risk aversion limiting aid access in Syria,https://example.org/demo/demo03908,negative,-1.0,demo,Institution & leadership,True,SYR,UNDSS accused of risk aversion limiting aid access in Syria
demo04005,2026-08-28T15:47:00+00:00,2026-08-28T15:47:00+00:00,GDELT news,lemonde-demo.example,,en,UNDSS official briefs member states on field security,https://example.org/demo/demo04005,neutral,0.0,demo,Institution & leadership,False,,UNDSS official briefs member states on field security
demo04003,2026-08-28T15:27:00+00:00,2026-08-28T15:27:00+00:00,Google News,Sample Gazette,,es,Critican a UNDSS por fracaso en la protección del personal,https://example.org/demo/demo04003,negative,-1.0,demo,Institution & leadership,True,,Critican a UNDSS por fracaso en la protección del personal
demo04004,2026-08-28T11:22:00+00:00,2026-08-28T11:22:00+00:00,Google News,Example Times,,fr,Attaque contre un convoi de l'ONU au Haïti,https://example.org/demo/demo04004,negative,-1.0,demo,Security incidents,False,HTI,Attaque contre un convoi de l'ONU au Haïti
demo04010,2026-08-28T10:07:00+00:00,2026-08-28T10:07:00+00:00,GDELT news,lemonde-demo.example,,en,"Explosion near UN compound in Myanmar, staff relocated",https://example.org/demo/demo04010,negative,-1.0,demo,Security incidents|Travel advisories & restrictions,False,MMR,"Explosion near UN compound in Myanmar, staff relocated"
demo04002,2026-08-28T08:51:00+00:00,2026-08-28T08:51:00+00:00,Google News,Sample Gazette,,en,UN convoy attacked near DR Congo; UNDSS reviewing security procedures,https://example.org/demo/demo04002,negative,-1.0,demo,Security incidents,False,COD,UN convoy attacked near DR Congo; UNDSS reviewing security procedures
demo04000,2026-08-28T06:17:00+00:00,2026-08-28T06:17:00+00:00,Google News,Demo Herald,,en,UNDSS official briefs member states on field security,https://example.org/demo/demo04000,neutral,0.0,demo,Institution & leadership,False,,UNDSS official briefs member states on field security
demo04007,2026-08-28T05:18:00+00:00,2026-08-28T05:18:00+00:00,Google News,Example Times,,en,UN convoy attacked near Ukraine; UNDSS reviewing security procedures,https://example.org/demo/demo04007,negative,-1.0,demo,Security incidents,False,UKR,UN convoy attacked near Ukraine; UNDSS reviewing security procedures
demo04008,2026-08-28T02:57:00+00:00,2026-08-28T02:57:00+00:00,GDELT news,lemonde-demo.example,,en,Aid workers killed in Lebanon as UN raises security level,https://example.org/demo/demo04008,negative,-1.0,demo,Security incidents|Travel advisories & restrictions|Staff safety,False,LBN,Aid workers killed in Lebanon as UN raises security level
demo04009,2026-08-28T02:22:00+00:00,2026-08-28T02:22:00+00:00,GDELT news,globalwire.example,,en,Aid workers killed in Afghanistan as UN raises security level,https://example.org/demo/demo04009,negative,-1.0,demo,Security incidents|Travel advisories & restrictions|Staff safety,False,AFG,Aid workers killed in Afghanistan as UN raises security level
demo04006,2026-08-28T02:10:00+00:00,2026-08-28T02:10:00+00:00,Google News,Sample Gazette,,es,Ataque contra convoy de la ONU en Colombia deja heridos,https://example.org/demo/demo04006,negative,-1.0,demo,Security incidents,False,COL,Ataque contra convoy de la ONU en Colombia deja heridos
demo04001,2026-08-27T23:41:00+00:00,2026-08-27T23:41:00+00:00,GDELT news,worldnews.example,,en,"UN staff in Nigeria told to follow new curfew, says UNDSS",https://example.org/demo/demo04001,neutral,0.0,demo,Travel advisories & restrictions|Staff safety,False,NGA,"UN staff in Nigeria told to follow new curfew, says UNDSS"
demo04104,2026-08-27T13:50:00+00:00,2026-08-27T13:50:00+00:00,GDELT news,dailyreport.example,,en,UN convoy attacked near Haiti; UNDSS reviewing security procedures,https://example.org/demo/demo04104,negative,-1.0,demo,Security incidents,False,HTI,UN convoy attacked near Haiti; UNDSS reviewing security procedures
demo04107,2026-08-27T11:43:00+00:00,2026-08-27T11:43:00+00:00,Google News,El Ejemplo,,en,"UN staff in Haiti told to follow new curfew, says UNDSS",https://example.org/demo/demo04107,neutral,0.0,demo,Travel advisories & restrictions|Staff safety,False,HTI,"UN staff in Haiti told to follow new curfew, says UNDSS"
demo04111,2026-08-27T10:12:00+00:00,2026-08-27T10:12:00+00:00,GDELT news,dailyreport.example,,es,Critican a UNDSS por fracaso en la protección del personal,https://example.org/demo/demo04111,negative,-1.0,demo,Institution & leadership,True,,Critican a UNDSS por fracaso en la protección del personal
demo04103,2026-08-27T09:11:00+00:00,2026-08-27T09:11:00+00:00,Bluesky,@reporter.example,,en,UN Department of Safety and Security publishes annual report,https://example.org/demo/demo04103,neutral,0.0,demo,Institution & leadership,False,,UN Department of Safety and Security publishes annual report
demo04109,2026-08-27T07:31:00+00:00,2026-08-27T07:31:00+00:00,Bluesky,@reporter.example,,en,"Explosion near UN compound in Mali, staff relocated",https://example.org/demo/demo04109,negative,-1.0,demo,Security incidents|Travel advisories & restrictions,False,MLI,"Explosion near UN compound in Mali, staff relocated"
demo04102,2026-08-27T06:30:00+00:00,2026-08-27T06:30:00+00:00,GDELT news,lemonde-demo.example,,en,Aid workers killed in Myanmar as UN raises security level,https://example.org/demo/demo04102,negative,-1.0,demo,Security incidents|Travel advisories & restrictions|Staff safety,False,MMR,Aid workers killed in Myanmar as UN raises security level
demo04106,2026-08-27T05:47:00+00:00,2026-08-27T05:47:00+00:00,Google News,Demo Herald,,fr,Le Département de la sûreté et de la sécurité publie un rapport,https://example.org/demo/demo04106,neutral,0.0,demo,Institution & leadership,False,,Le Département de la sûreté et de la sécurité publie un rapport
demo04110,2026-08-26T23:25:00+00:00,2026-08-26T23:25:00+00:00,GDELT news,dailyreport.example,,en,UNDSS and NGOs agree joint security coordination in Haiti,https://example.org/demo/demo04110,positive,1.0,demo,Institution & leadership,False,HTI,UNDSS and NGOs agree joint security coordination in Haiti
demo04100,2026-08-26T23:04:00+00:00,2026-08-26T23:04:00+00:00,Google News,Demo Herald,,en,Aid workers killed in Syria as UN raises security level,https://example.org/demo/demo04100,negative,-1.0,demo,Security incidents|Travel advisories & restrictions|Staff safety,False,SYR,Aid workers killed in Syria as UN raises security level
demo04108,2026-08-26T22:38:00+00:00,2026-08-26T22:38:00+00:00,Google News,Sample Gazette,,en,UNDSS accused of risk aversion limiting aid access in Mali,https://example.org/demo/demo04108,negative,-1.0,demo,Institution & leadership,True,MLI,UNDSS accused of risk aversion limiting aid access in Mali
demo04101,2026-08-26T21:54:00+00:00,2026-08-26T21:54:00+00:00,GDELT news,lemonde-demo.example,,fr,Le personnel de l'ONU évacué après une embuscade au Soudan,https://example.org/demo/demo04101,negative,-1.0,demo,Security incidents|Travel advisories & restrictions|Staff safety,False,SDN,Le personnel de l'ONU évacué après une embuscade au Soudan
demo04105,2026-08-26T21:30:00+00:00,2026-08-26T21:30:00+00:00,Google News,Example Times,,en,UNDSS accused of risk aversion limiting aid access in South Sudan,https://example.org/demo/demo04105,negative,-1.0,demo,Institution & leadership,True,SSD|SDN,UNDSS accused of risk aversion limiting aid access in South Sudan
demo04202,2026-08-26T15:51:00+00:00,2026-08-26T15:51:00+00:00,GDELT news,worldnews.example,,ar,إدارة شؤون السلامة والأمن تحدث مستوى الأمن في اليمن,https://example.org/demo/demo04202,neutral,0.0,demo,Institution & leadership,False,YEM,إدارة شؤون السلامة والأمن تحدث مستوى الأمن في اليمن
demo04205,2026-08-26T12:02:00+00:00,2026-08-26T12:02:00+00:00,GDELT news,lemonde-demo.example,,en,UNDSS accused of risk aversion limiting aid access in Myanmar,https://example.org/demo/demo04205,negative,-1.0,demo,Institution & leadership,True,MMR,UNDSS accused of risk aversion limiting aid access in Myanmar
demo04200,2026-08-26T11:41:00+00:00,2026-08-26T11:41:00+00:00,Google News,Demo Herald,,en,UN Department of Safety and Security publishes annual report,https://example.org/demo/demo04200,neutral,0.0,demo,Institution & leadership,False,,UN Department of Safety and Security publishes annual report
demo04201,2026-08-26T09:48:00+00:00,2026-08-26T09:48:00+00:00,GDELT news,worldnews.example,,fr,"Évacuation réussie du personnel de l'ONU au Liban, salue l'UNDSS",https://example.org/demo/demo04201,positive,1.0,demo,Travel advisories & restrictions|Staff safety,False,LBN,"Évacuation réussie du personnel de l'ONU au Liban, salue l'UNDSS"
demo04203,2026-08-26T07:31:00+00:00,2026-08-26T07:31:00+00:00,GDELT news,globalwire.example,,fr,L'UNDSS relève le niveau de sécurité au Mali,https://example.org/demo/demo04203,neutral,0.0,demo,Travel advisories & restrictions,False,MLI,L'UNDSS relève le niveau de sécurité au Mali
demo04204,2026-08-25T23:42:00+00:00,2026-08-25T23:42:00+00:00,GDELT news,lemonde-demo.example,,en,UNDSS and NGOs agree joint security coordination in Mali,https://example.org/demo/demo04204,positive,1.0,demo,Institution & leadership,False,MLI,UNDSS and NGOs agree joint security coordination in Mali
demo04302,2026-08-25T09:27:00+00:00,2026-08-25T09:27:00+00:00,GDELT news,dailyreport.example,,ar,هجوم على قافلة للأمم المتحدة في سوريا,https://example.org/demo/demo04302,negative,-1.0,demo,Security incidents,False,SYR,هجوم على قافلة للأمم المتحدة في سوريا
demo04301,2026-08-25T07:04:00+00:00,2026-08-25T07:04:00+00:00,Google News,Demo Herald,,en,"Explosion near UN compound in Colombia, staff relocated",https://example.org/demo/demo04301,negative,-1.0,demo,Security incidents|Travel advisories & restrictions,False,COL,"Explosion near UN compound in Colombia, staff relocated"
demo04303,2026-08-25T05:16:00+00:00,2026-08-25T05:16:00+00:00,GDELT news,worldnews.example,,es,UNDSS actualiza el nivel de seguridad en Ukraine,https://example.org/demo/demo04303,neutral,0.0,demo,Travel advisories & restrictions,False,UKR,UNDSS actualiza el nivel de seguridad en Ukraine
demo04300,2026-08-24T23:59:00+00:00,2026-08-24T23:59:00+00:00,GDELT news,worldnews.example,,en,UNDSS updates travel advisory for Mali,https://example.org/demo/demo04300,neutral,0.0,demo,Travel advisories & restrictions,False,MLI,UNDSS updates travel advisory for Mali
demo04401,2026-08-24T13:15:00+00:00,2026-08-24T13:15:00+00:00,Google News,Example Times,,en,UN convoy attacked near Afghanistan; UNDSS reviewing security procedures,https://example.org/demo/demo04401,negative,-1.0,demo,Security incidents,False,AFG,UN convoy attacked near Afghanistan; UNDSS reviewing security procedures
demo04404,2026-08-24T12:29:00+00:00,2026-08-24T12:29:00+00:00,Bluesky,@reporter.example,,en,UNDSS praised for safe evacuation of UN staff from Gaza,https://example.org/demo/demo04404,positive,1.0,demo,Travel advisories & restrictions|Staff safety,False,PSE,UNDSS praised for safe evacuation of UN staff from Gaza
demo04402,2026-08-24T10:12:00+00:00,2026-08-24T10:12:00+00:00,Google News,Example Times,,en,UN convoy attacked near Mali; UNDSS reviewing security procedures,https://example.org/demo/demo04402,negative,-1.0,demo,Security incidents,False,MLI,UN convoy attacked near Mali; UNDSS reviewing security procedures
demo04400,2026-08-24T06:59:00+00:00,2026-08-24T06:59:00+00:00,GDELT news,lemonde-demo.example,,en,UNDSS and NGOs agree joint security coordination in South Sudan,https://example.org/demo/demo04400,positive,1.0,demo,Institution & leadership,False,SSD|SDN,UNDSS and NGOs agree joint security coordination in South Sudan
demo04403,2026-08-24T01:38:00+00:00,2026-08-24T01:38:00+00:00,Bluesky,@analyst.example,,en,UN Department of Safety and Security publishes annual report,https://example.org/demo/demo04403,neutral,0.0,demo,Institution & leadership,False,,UN Department of Safety and Security publishes annual report
demo04405,2026-08-23T21:25:00+00:00,2026-08-23T21:25:00+00:00,Google News,Example Times,,en,UNDSS official briefs member states on field security,https://example.org/demo/demo04405,neutral,0.0,demo,Institution & leadership,False,,UNDSS official briefs member states on field security
demo04501,2026-08-23T09:33:00+00:00,2026-08-23T09:33:00+00:00,GDELT news,worldnews.example,,en,Aid workers killed in Nigeria as UN raises security level,https://example.org/demo/demo04501,negative,-1.0,demo,Security incidents|Travel advisories & restrictions|Staff safety,False,NGA,Aid workers killed in Nigeria as UN raises security level
demo04502,2026-08-23T08:02:00+00:00,2026-08-23T08:02:00+00:00,Google News,Sample Gazette,,en,UN convoy attacked near Gaza; UNDSS reviewing security procedures,https://example.org/demo/demo04502,negative,-1.0,demo,Security incidents,False,PSE,UN convoy attacked near Gaza; UNDSS reviewing security procedures
demo04500,2026-08-22T23:20:00+00:00,2026-08-22T23:20:00+00:00,Reddit,r/humanitarian,,en,UN convoy attacked near Sudan; UNDSS reviewing security procedures,https://example.org/demo/demo04500,negative,-1.0,demo,Security incidents,False,SDN,UN convoy attacked near Sudan; UNDSS reviewing security procedures
demo04602,2026-08-22T15:16:00+00:00,2026-08-22T15:16:00+00:00,GDELT news,globalwire.example,,en,Aid workers killed in Colombia as UN raises security level,https://example.org/demo/demo04602,negative,-1.0,demo,Security incidents|Travel advisories & restrictions|Staff safety,False,COL,Aid workers killed in Colombia as UN raises security level
demo04601,2026-08-22T14:51:00+00:00,2026-08-22T14:51:00+00:00,Google News,Example Times,,es,UNDSS actualiza el nivel de seguridad en South Sudan,https://example.org/demo/demo04601,neutral,0.0,demo,Travel advisories & restrictions,False,SSD|SDN,UNDSS actualiza el nivel de seguridad en South Sudan
demo04604,2026-08-21T21:36:00+00:00,2026-08-21T21:36:00+00:00,Reddit,r/UnitedNations,,es,UNDSS actualiza el nivel de seguridad en Lebanon,https://example.org/demo/demo04604,neutral,0.0,demo,Travel advisories & restrictions,False,LBN,UNDSS actualiza el nivel de seguridad en Lebanon
demo04603,2026-08-21T20:58:00+00:00,2026-08-21T20:58:00+00:00,Google News,Example Times,,en,UN convoy attacked near DR Congo; UNDSS reviewing security procedures,https://example.org/demo/demo04603,negative,-1.0,demo,Security incidents,False,COD,UN convoy attacked near DR Congo; UNDSS reviewing security procedures
demo04600,2026-08-21T20:46:00+00:00,2026-08-21T20:46:00+00:00,GDELT news,worldnews.example,,es,UNDSS actualiza el nivel de seguridad en Syria,https://example.org/demo/demo04600,neutral,0.0,demo,Travel advisories & restrictions,False,SYR,UNDSS actualiza el nivel de seguridad en Syria
demo04700,2026-08-21T11:46:00+00:00,2026-08-21T11:46:00+00:00,Bluesky,@analyst.example,,en,UN Department of Safety and Security publishes annual report,https://example.org/demo/demo04700,neutral,0.0,demo,Institution & leadership,False,,UN Department of Safety and Security publishes annual report
demo04701,2026-08-21T11:20:00+00:00,2026-08-21T11:20:00+00:00,Google News,El Ejemplo,,en,"UN staff in Myanmar told to follow new curfew, says UNDSS",https://example.org/demo/demo04701,neutral,0.0,demo,Travel advisories & restrictions|Staff safety,False,MMR,"UN staff in Myanmar told to follow new curfew, says UNDSS"
demo04702,2026-08-21T04:00:00+00:00,2026-08-21T04:00:00+00:00,GDELT news,dailyreport.example,,fr,"Évacuation réussie du personnel de l'ONU au Liban, salue l'UNDSS",https://example.org/demo/demo04702,positive,1.0,demo,Travel advisories & restrictions|Staff safety,False,LBN,"Évacuation réussie du personnel de l'ONU au Liban, salue l'UNDSS"
demo04704,2026-08-20T23:02:00+00:00,2026-08-20T23:02:00+00:00,GDELT news,lemonde-demo.example,,en,UN Department of Safety and Security publishes annual report,https://example.org/demo/demo04704,neutral,0.0,demo,Institution & leadership,False,,UN Department of Safety and Security publishes annual report
demo04703,2026-08-20T20:02:00+00:00,2026-08-20T20:02:00+00:00,Bluesky,@aidworker.example,,en,Aid workers killed in Myanmar as UN raises security level,https://example.org/demo/demo04703,negative,-1.0,demo,Security incidents|Travel advisories & restrictions|Staff safety,False,MMR,Aid workers killed in Myanmar as UN raises security level
demo04802,2026-08-20T19:36:00+00:00,2026-08-20T19:36:00+00:00,Google News,El Ejemplo,,en,UNDSS official briefs member states on field security,https://example.org/demo/demo04802,neutral,0.0,demo,Institution & leadership,False,,UNDSS official briefs member states on field security
demo04801,2026-08-20T14:28:00+00:00,2026-08-20T14:28:00+00:00,Reddit,r/humanitarian,,en,UNDSS official briefs member states on field security,https://example.org/demo/demo04801,neutral,0.0,demo,Institution & leadership,False,,UNDSS official briefs member states on field security
demo04800,2026-08-20T13:51:00+00:00,2026-08-20T13:51:00+00:00,Google News,El Ejemplo,,en,UNDSS and NGOs agree joint security coordination in Sudan,https://example.org/demo/demo04800,positive,1.0,demo,Institution & leadership,False,SDN,UNDSS and NGOs agree joint security coordination in Sudan
demo04900,2026-08-19T18:19:00+00:00,2026-08-19T18:19:00+00:00,Bluesky,@analyst.example,,es,Elogian a UNDSS por apoyo a trabajadores humanitarios en Mali,https://example.org/demo/demo04900,positive,1.0,demo,Staff safety,False,MLI,Elogian a UNDSS por apoyo a trabajadores humanitarios en Mali
demo04902,2026-08-19T07:49:00+00:00,2026-08-19T07:49:00+00:00,Google News,Demo Herald,,en,UNDSS praised for safe evacuation of UN staff from Sudan,https://example.org/demo/demo04902,positive,1.0,demo,Travel advisories & restrictions|Staff safety,False,SDN,UNDSS praised for safe evacuation of UN staff from Sudan
demo04901,2026-08-19T03:14:00+00:00,2026-08-19T03:14:00+00:00,Google News,El Ejemplo,,es,UNDSS actualiza el nivel de seguridad en South Sudan,https://example.org/demo/demo04901,neutral,0.0,demo,Travel advisories & restrictions,False,SSD|SDN,UNDSS actualiza el nivel de seguridad en South Sudan
demo05000,2026-08-18T10:54:00+00:00,2026-08-18T10:54:00+00:00,Google News,Sample Gazette,,en,UN convoy attacked near Sudan; UNDSS reviewing security procedures,https://example.org/demo/demo05000,negative,-1.0,demo,Security incidents,False,SDN,UN convoy attacked near Sudan; UNDSS reviewing security procedures
demo05002,2026-08-18T05:54:00+00:00,2026-08-18T05:54:00+00:00,Google News,Example Times,,en,Aid workers killed in Nigeria as UN raises security level,https://example.org/demo/demo05002,negative,-1.0,demo,Security incidents|Travel advisories & restrictions|Staff safety,False,NGA,Aid workers killed in Nigeria as UN raises security level
demo05001,2026-08-18T00:07:00+00:00,2026-08-18T00:07:00+00:00,GDELT news,lemonde-demo.example,,en,UN Department of Safety and Security publishes annual report,https://example.org/demo/demo05001,neutral,0.0,demo,Institution & leadership,False,,UN Department of Safety and Security publishes annual report
demo05104,2026-08-17T18:52:00+00:00,2026-08-17T18:52:00+00:00,Google News,El Ejemplo,,en,UNDSS official briefs member states on field security,https://example.org/demo/demo05104,neutral,0.0,demo,Institution & leadership,False,,UNDSS official briefs member states on field security
demo05101,2026-08-17T17:32:00+00:00,2026-08-17T17:32:00+00:00,GDELT news,dailyreport.example,,fr,L'UNDSS relève le niveau de sécurité au Liban,https://example.org/demo/demo05101,neutral,0.0,demo,Travel advisories & restrictions,False,LBN,L'UNDSS relève le niveau de sécurité au Liban
demo05102,2026-08-17T11:41:00+00:00,2026-08-17T11:41:00+00:00,Reddit,r/worldnews,,en,"UN staff in Sudan told to follow new curfew, says UNDSS",https://example.org/demo/demo05102,neutral,0.0,demo,Travel advisories & restrictions|Staff safety,False,SDN,"UN staff in Sudan told to follow new curfew, says UNDSS"
demo05100,2026-08-17T02:20:00+00:00,2026-08-17T02:20:00+00:00,GDELT news,lemonde-demo.example,,en,UNDSS updates travel advisory for Colombia,https://example.org/demo/demo05100,neutral,0.0,demo,Travel advisories & restrictions,False,COL,UNDSS updates travel advisory for Colombia
demo05103,2026-08-16T20:58:00+00:00,2026-08-16T20:58:00+00:00,Google News,Demo Herald,,ar,نجاح إجلاء موظفي الأمم المتحدة من سوريا,https://example.org/demo/demo05103,positive,1.0,demo,Travel advisories & restrictions|Staff safety,False,SYR,نجاح إجلاء موظفي الأمم المتحدة من سوريا
demo05201,2026-08-16T11:17:00+00:00,2026-08-16T11:17:00+00:00,GDELT news,worldnews.example,,en,UNDSS accused of risk aversion limiting aid access in Yemen,https://example.org/demo/demo05201,negative,-1.0,demo,Institution & leadership,True,YEM,UNDSS accused of risk aversion limiting aid access in Yemen
demo05202,2026-08-16T03:57:00+00:00,2026-08-16T03:57:00+00:00,GDELT news,worldnews.example,,es,Critican a UNDSS por fracaso en la protección del personal,https://example.org/demo/demo05202,negative,-1.0,demo,Institution & leadership,True,,Critican a UNDSS por fracaso en la protección del personal
demo05200,2026-08-16T00:28:00+00:00,2026-08-16T00:28:00+00:00,Google News,Demo Herald,,en,UNDSS praised for safe evacuation of UN staff from Afghanistan,https://example.org/demo/demo05200,positive,1.0,demo,Travel advisories & restrictions|Staff safety,False,AFG,UNDSS praised for safe evacuation of UN staff from Afghanistan
demo05300,2026-08-15T14:17:00+00:00,2026-08-15T14:17:00+00:00,Bluesky,@analyst.example,,en,New UN security training welcomed by humanitarian partners,https://example.org/demo/demo05300,positive,1.0,demo,Institution & leadership,False,,New UN security training welcomed by humanitarian partners
demo05301,2026-08-15T00:43:00+00:00,2026-08-15T00:43:00+00:00,GDELT news,lemonde-demo.example,,ar,هجوم على قافلة للأمم المتحدة في الصومال,https://example.org/demo/demo05301,negative,-1.0,demo,Security incidents,False,SOM,هجوم على قافلة للأمم المتحدة في الصومال
demo05401,2026-08-14T19:21:00+00:00,2026-08-14T19:21:00+00:00,GDELT news,lemonde-demo.example,,en,UNDSS official briefs member states on field security,https://example.org/demo/demo05401,neutral,0.0,demo,Institution & leadership,False,,UNDSS official briefs member states on field security
demo05400,2026-08-14T10:23:00+00:00,2026-08-14T10:23:00+00:00,Google News,Demo Herald,,en,New UN security training welcomed by humanitarian partners,https://example.org/demo/demo05400,positive,1.0,demo,Institution & leadership,False,,New UN security training welcomed by humanitarian partners
demo05402,2026-08-14T04:35:00+00:00,2026-08-14T04:35:00+00:00,Reddit,r/UnitedNations,,en,UNDSS official briefs member states on field security,https://example.org/demo/demo05402,neutral,0.0,demo,Institution & leadership,False,,UNDSS official briefs member states on field security
demo05404,2026-08-14T03:55:00+00:00,2026-08-14T03:55:00+00:00,Google News,Example Times,,en,"UN staff in Haiti told to follow new curfew, says UNDSS",https://example.org/demo/demo05404,neutral,0.0,demo,Travel advisories & restrictions|Staff safety,False,HTI,"UN staff in Haiti told to follow new curfew, says UNDSS"
demo05403,2026-08-14T03:28:00+00:00,2026-08-14T03:28:00+00:00,Reddit,r/worldnews,,en,UNDSS updates travel advisory for Somalia,https://example.org/demo/demo05403,neutral,0.0,demo,Travel advisories & restrictions,False,SOM,UNDSS updates travel advisory for Somalia
demo05405,2026-08-14T00:14:00+00:00,2026-08-14T00:14:00+00:00,Reddit,r/worldnews,,fr,"Évacuation réussie du personnel de l'ONU au Haïti, salue l'UNDSS",https://example.org/demo/demo05405,positive,1.0,demo,Travel advisories & restrictions|Staff safety,False,HTI,"Évacuation réussie du personnel de l'ONU au Haïti, salue l'UNDSS"
demo05500,2026-08-13T18:02:00+00:00,2026-08-13T18:02:00+00:00,GDELT news,lemonde-demo.example,,fr,"Évacuation réussie du personnel de l'ONU au Haïti, salue l'UNDSS",https://example.org/demo/demo05500,positive,1.0,demo,Travel advisories & restrictions|Staff safety,False,HTI,"Évacuation réussie du personnel de l'ONU au Haïti, salue l'UNDSS"
demo05503,2026-08-13T15:45:00+00:00,2026-08-13T15:45:00+00:00,GDELT news,dailyreport.example,,en,New UN security training welcomed by humanitarian partners,https://example.org/demo/demo05503,positive,1.0,demo,Institution & leadership,False,,New UN security training welcomed by humanitarian partners
demo05502,2026-08-13T14:24:00+00:00,2026-08-13T14:24:00+00:00,Reddit,r/UnitedNations,,fr,"Évacuation réussie du personnel de l'ONU au Soudan, salue l'UNDSS",https://example.org/demo/demo05502,positive,1.0,demo,Travel advisories & restrictions|Staff safety,False,SDN,"Évacuation réussie du personnel de l'ONU au Soudan, salue l'UNDSS"
demo05504,2026-08-13T09:53:00+00:00,2026-08-13T09:53:00+00:00,Google News,El Ejemplo,,en,UNDSS updates travel advisory for Nigeria,https://example.org/demo/demo05504,neutral,0.0,demo,Travel advisories & restrictions,False,NGA,UNDSS updates travel advisory for Nigeria
demo05501,2026-08-12T21:21:00+00:00,2026-08-12T21:21:00+00:00,GDELT news,dailyreport.example,,en,UNDSS official briefs member states on field security,https://example.org/demo/demo05501,neutral,0.0,demo,Institution & leadership,False,,UNDSS official briefs member states on field security
demo05605,2026-08-12T17:54:00+00:00,2026-08-12T17:54:00+00:00,Google News,El Ejemplo,,fr,Attaque contre un convoi de l'ONU au Liban,https://example.org/demo/demo05605,negative,-1.0,demo,Security incidents,False,LBN,Attaque contre un convoi de l'ONU au Liban
demo05600,2026-08-12T10:18:00+00:00,2026-08-12T10:18:00+00:00,GDELT news,worldnews.example,,en,Staff union criticizes UNDSS over slow evacuation from Myanmar,https://example.org/demo/demo05600,negative,-1.0,demo,Travel advisories & restrictions,False,MMR,Staff union criticizes UNDSS over slow evacuation from Myanmar
demo05603,2026-08-12T08:31:00+00:00,2026-08-12T08:31:00+00:00,GDELT news,dailyreport.example,,en,UN convoy attacked near Haiti; UNDSS reviewing security procedures,https://example.org/demo/demo05603,negative,-1.0,demo,Security incidents,False,HTI,UN convoy attacked near Haiti; UNDSS reviewing security procedures
demo05602,2026-08-12T07:47:00+00:00,2026-08-12T07:47:00+00:00,GDELT news,globalwire.example,,es,Elogian a UNDSS por apoyo a trabajadores humanitarios en Somalia,https://example.org/demo/demo05602,positive,1.0,demo,Staff safety,False,SOM,Elogian a UNDSS por apoyo a trabajadores humanitarios en Somalia
demo05601,2026-08-12T06:34:00+00:00,2026-08-12T06:34:00+00:00,Bluesky,@reporter.example,,en,"Explosion near UN compound in Myanmar, staff relocated",https://example.org/demo/demo05601,negative,-1.0,demo,Security incidents|Travel advisories & restrictions,False,MMR,"Explosion near UN compound in Myanmar, staff relocated"
demo05604,2026-08-12T00:01:00+00:00,2026-08-12T00:01:00+00:00,GDELT news,worldnews.example,,en,UNDSS accused of risk aversion limiting aid access in Yemen,https://example.org/demo/demo05604,negative,-1.0,demo,Institution & leadership,True,YEM,UNDSS accused of risk aversion limiting aid access in Yemen
demo05700,2026-08-11T17:47:00+00:00,2026-08-11T17:47:00+00:00,Google News,Example Times,,es,UNDSS actualiza el nivel de seguridad en Somalia,https://example.org/demo/demo05700,neutral,0.0,demo,Travel advisories & restrictions,False,SOM,UNDSS actualiza el nivel de seguridad en Somalia
demo05701,2026-08-11T07:18:00+00:00,2026-08-11T07:18:00+00:00,GDELT news,dailyreport.example,,es,UNDSS actualiza el nivel de seguridad en Haiti,https://example.org/demo/demo05701,neutral,0.0,demo,Travel advisories & restrictions,False,HTI,UNDSS actualiza el nivel de seguridad en Haiti
demo05800,2026-08-10T17:37:00+00:00,2026-08-10T17:37:00+00:00,GDELT news,dailyreport.example,,en,"Explosion near UN compound in Syria, staff relocated",https://example.org/demo/demo05800,negative,-1.0,demo,Security incidents|Travel advisories & restrictions,False,SYR,"Explosion near UN compound in Syria, staff relocated"
demo05802,2026-08-10T11:58:00+00:00,2026-08-10T11:58:00+00:00,GDELT news,dailyreport.example,,en,UNDSS updates travel advisory for Yemen,https://example.org/demo/demo05802,neutral,0.0,demo,Travel advisories & restrictions,False,YEM,UNDSS updates travel advisory for Yemen
demo05801,2026-08-10T00:15:00+00:00,2026-08-10T00:15:00+00:00,GDELT news,worldnews.example,,en,UN convoy attacked near Nigeria; UNDSS reviewing security procedures,https://example.org/demo/demo05801,negative,-1.0,demo,Security incidents,False,NGA,UN convoy attacked near Nigeria; UNDSS reviewing security procedures
demo05902,2026-08-09T18:54:00+00:00,2026-08-09T18:54:00+00:00,Google News,Example Times,,ar,إدارة شؤون السلامة والأمن تحدث مستوى الأمن في سوريا,https://example.org/demo/demo05902,neutral,0.0,demo,Institution & leadership,False,SYR,إدارة شؤون السلامة والأمن تحدث مستوى الأمن في سوريا
demo05903,2026-08-09T18:04:00+00:00,2026-08-09T18:04:00+00:00,Bluesky,@aidworker.example,,en,New UN security training welcomed by humanitarian partners,https://example.org/demo/demo05903,positive,1.0,demo,Institution & leadership,False,,New UN security training welcomed by humanitarian partners
demo05901,2026-08-09T17:35:00+00:00,2026-08-09T17:35:00+00:00,GDELT news,worldnews.example,,en,"Explosion near UN compound in Gaza, staff relocated",https://example.org/demo/demo05901,negative,-1.0,demo,Security incidents|Travel advisories & restrictions,False,PSE,"Explosion near UN compound in Gaza, staff relocated"
demo05900,2026-08-09T13:32:00+00:00,2026-08-09T13:32:00+00:00,Google News,Demo Herald,,en,"UN staff in Somalia told to follow new curfew, says UNDSS",https://example.org/demo/demo05900,neutral,0.0,demo,Travel advisories & restrictions|Staff safety,False,SOM,"UN staff in Somalia told to follow new curfew, says UNDSS"
demo06000,2026-08-08T06:04:00+00:00,2026-08-08T06:04:00+00:00,GDELT news,globalwire.example,,en,"UN staff in Afghanistan told to follow new curfew, says UNDSS",https://example.org/demo/demo06000,neutral,0.0,demo,Travel advisories & restrictions|Staff safety,False,AFG,"UN staff in Afghanistan told to follow new curfew, says UNDSS"
demo06002,2026-08-07T22:12:00+00:00,2026-08-07T22:12:00+00:00,Google News,Example Times,,en,UN Department of Safety and Security publishes annual report,https://example.org/demo/demo06002,neutral,0.0,demo,Institution & leadership,False,,UN Department of Safety and Security publishes annual report
demo06001,2026-08-07T21:32:00+00:00,2026-08-07T21:32:00+00:00,GDELT news,dailyreport.example,,ar,هجوم على قافلة للأمم المتحدة في اليمن,https://example.org/demo/demo06001,negative,-1.0,demo,Security incidents,False,YEM,هجوم على قافلة للأمم المتحدة في اليمن
demo06102,2026-08-07T15:22:00+00:00,2026-08-07T15:22:00+00:00,Reddit,r/UnitedNations,,en,New UN security training welcomed by humanitarian partners,https://example.org/demo/demo06102,positive,1.0,demo,Institution & leadership,False,,New UN security training welcomed by humanitarian partners
demo06103,2026-08-07T13:35:00+00:00,2026-08-07T13:35:00+00:00,GDELT news,dailyreport.example,,en,"Explosion near UN compound in Somalia, staff relocated",https://example.org/demo/demo06103,negative,-1.0,demo,Security incidents|Travel advisories & restrictions,False,SOM,"Explosion near UN compound in Somalia, staff relocated"
demo06100,2026-08-07T12:54:00+00:00,2026-08-07T12:54:00+00:00,GDELT news,lemonde-demo.example,,en,UNDSS updates travel advisory for South Sudan,https://example.org/demo/demo06100,neutral,0.0,demo,Travel advisories & restrictions,False,SSD|SDN,UNDSS updates travel advisory for South Sudan
demo06101,2026-08-07T04:52:00+00:00,2026-08-07T04:52:00+00:00,Bluesky,@aidworker.example,,fr,Le Département de la sûreté et de la sécurité publie un rapport,https://example.org/demo/demo06101,neutral,0.0,demo,Institution & leadership,False,,Le Département de la sûreté et de la sécurité publie un rapport
demo06201,2026-08-06T06:45:00+00:00,2026-08-06T06:45:00+00:00,GDELT news,lemonde-demo.example,,en,UNDSS official briefs member states on field security,https://example.org/demo/demo06201,neutral,0.0,demo,Institution & leadership,False,,UNDSS official briefs member states on field security
demo06200,2026-08-06T02:02:00+00:00,2026-08-06T02:02:00+00:00,GDELT news,lemonde-demo.example,,es,UNDSS actualiza el nivel de seguridad en Sudan,https://example.org/demo/demo06200,neutral,0.0,demo,Travel advisories & restrictions,False,SDN,UNDSS actualiza el nivel de seguridad en Sudan
demo06203,2026-08-05T21:16:00+00:00,2026-08-05T21:16:00+00:00,GDELT news,worldnews.example,,en,UNDSS updates travel advisory for South Sudan,https://example.org/demo/demo06203,neutral,0.0,demo,Travel advisories & restrictions,False,SSD|SDN,UNDSS updates travel advisory for South Sudan
demo06202,2026-08-05T20:56:00+00:00,2026-08-05T20:56:00+00:00,GDELT news,worldnews.example,,en,UN convoy attacked near Haiti; UNDSS reviewing security procedures,https://example.org/demo/demo06202,negative,-1.0,demo,Security incidents,False,HTI,UN convoy attacked near Haiti; UNDSS reviewing security procedures
demo06303,2026-08-05T18:41:00+00:00,2026-08-05T18:41:00+00:00,Google News,El Ejemplo,,en,"Explosion near UN compound in Colombia, staff relocated",https://example.org/demo/demo06303,negative,-1.0,demo,Security incidents|Travel advisories & restrictions,False,COL,"Explosion near UN compound in Colombia, staff relocated"
demo06304,2026-08-05T17:43:00+00:00,2026-08-05T17:43:00+00:00,GDELT news,globalwire.example,,es,Elogian a UNDSS por apoyo a trabajadores humanitarios en Afghanistan,https://example.org/demo/demo06304,positive,1.0,demo,Staff safety,False,AFG,Elogian a UNDSS por apoyo a trabajadores humanitarios en Afghanistan
demo06302,2026-08-05T17:01:00+00:00,2026-08-05T17:01:00+00:00,Google News,Demo Herald,,en,New UN security training welcomed by humanitarian partners,https://example.org/demo/demo06302,positive,1.0,demo,Institution & leadership,False,,New UN security training welcomed by humanitarian partners
demo06300,2026-08-05T15:01:00+00:00,2026-08-05T15:01:00+00:00,Bluesky,@aidworker.example,,en,UN convoy attacked near Mali; UNDSS reviewing security procedures,https://example.org/demo/demo06300,negative,-1.0,demo,Security incidents,False,MLI,UN convoy attacked near Mali; UNDSS reviewing security procedures
demo06305,2026-08-05T13:36:00+00:00,2026-08-05T13:36:00+00:00,Bluesky,@aidworker.example,,en,UNDSS and NGOs agree joint security coordination in Haiti,https://example.org/demo/demo06305,positive,1.0,demo,Institution & leadership,False,HTI,UNDSS and NGOs agree joint security coordination in Haiti
demo06301,2026-08-04T21:57:00+00:00,2026-08-04T21:57:00+00:00,GDELT news,dailyreport.example,,en,Aid workers killed in South Sudan as UN raises security level,https://example.org/demo/demo06301,negative,-1.0,demo,Security incidents|Travel advisories & restrictions|Staff safety,False,SSD|SDN,Aid workers killed in South Sudan as UN raises security level
demo06401,2026-08-04T12:18:00+00:00,2026-08-04T12:18:00+00:00,GDELT news,lemonde-demo.example,,en,New UN security training welcomed by humanitarian partners,https://example.org/demo/demo06401,positive,1.0,demo,Institution & leadership,False,,New UN security training welcomed by humanitarian partners
demo06400,2026-08-04T10:57:00+00:00,2026-08-04T10:57:00+00:00,Google News,Example Times,,en,UNDSS official briefs member states on field security,https://example.org/demo/demo06400,neutral,0.0,demo,Institution & leadership,False,,UNDSS official briefs member states on field security
demo06404,2026-08-04T10:54:00+00:00,2026-08-04T10:54:00+00:00,Google News,El Ejemplo,,fr,Le personnel de l'ONU évacué après une embuscade au Haïti,https://example.org/demo/demo06404,negative,-1.0,demo,Security incidents|Travel advisories & restrictions|Staff safety,False,HTI,Le personnel de l'ONU évacué après une embuscade au Haïti
demo06402,2026-08-04T08:17:00+00:00,2026-08-04T08:17:00+00:00,Google News,El Ejemplo,,ar,هجوم على قافلة للأمم المتحدة في سوريا,https://example.org/demo/demo06402,negative,-1.0,demo,Security incidents,False,SYR,هجوم على قافلة للأمم المتحدة في سوريا
demo06403,2026-08-04T04:48:00+00:00,2026-08-04T04:48:00+00:00,GDELT news,worldnews.example,,en,UNDSS and NGOs agree joint security coordination in Myanmar,https://example.org/demo/demo06403,positive,1.0,demo,Institution & leadership,False,MMR,UNDSS and NGOs agree joint security coordination in Myanmar
demo06500,2026-08-03T12:10:00+00:00,2026-08-03T12:10:00+00:00,GDELT news,globalwire.example,,en,UN Department of Safety and Security publishes annual report,https://example.org/demo/demo06500,neutral,0.0,demo,Institution & leadership,False,,UN Department of Safety and Security publishes annual report
demo06501,2026-08-02T23:07:00+00:00,2026-08-02T23:07:00+00:00,Bluesky,@reporter.example,,en,Staff union criticizes UNDSS over slow evacuation from Afghanistan,https://example.org/demo/demo06501,negative,-1.0,demo,Travel advisories & restrictions,False,AFG,Staff union criticizes UNDSS over slow evacuation from Afghanistan
demo06603,2026-08-02T15:46:00+00:00,2026-08-02T15:46:00+00:00,GDELT news,globalwire.example,,es,Elogian a UNDSS por apoyo a trabajadores humanitarios en Haiti,https://example.org/demo/demo06603,positive,1.0,demo,Staff safety,False,HTI,Elogian a UNDSS por apoyo a trabajadores humanitarios en Haiti
demo06601,2026-08-02T12:10:00+00:00,2026-08-02T12:10:00+00:00,Bluesky,@reporter.example,,ar,إدارة شؤون السلامة والأمن تحدث مستوى الأمن في غزة,https://example.org/demo/demo06601,neutral,0.0,demo,Institution & leadership,False,PSE,إدارة شؤون السلامة والأمن تحدث مستوى الأمن في غزة
demo06604,2026-08-02T06:16:00+00:00,2026-08-02T06:16:00+00:00,Google News,Example Times,,fr,Le personnel de l'ONU évacué après une embuscade au Syrie,https://example.org/demo/demo06604,negative,-1.0,demo,Security incidents|Travel advisories & restrictions|Staff safety,False,SYR,Le personnel de l'ONU évacué après une embuscade au Syrie
demo06600,2026-08-02T06:15:00+00:00,2026-08-02T06:15:00+00:00,GDELT news,lemonde-demo.example,,en,UN convoy attacked near Syria; UNDSS reviewing security procedures,https://example.org/demo/demo06600,negative,-1.0,demo,Security incidents,False,SYR,UN convoy attacked near Syria; UNDSS reviewing security procedures
demo06602,2026-08-01T20:16:00+00:00,2026-08-01T20:16:00+00:00,Bluesky,@analyst.example,,en,UN convoy attacked near DR Congo; UNDSS reviewing security procedures,https://example.org/demo/demo06602,negative,-1.0,demo,Security incidents,False,COD,UN convoy attacked near DR Congo; UNDSS reviewing security procedures
demo06702,2026-08-01T12:36:00+00:00,2026-08-01T12:36:00+00:00,GDELT news,lemonde-demo.example,,fr,L'UNDSS relève le niveau de sécurité au Haïti,https://example.org/demo/demo06702,neutral,0.0,demo,Travel advisories & restrictions,False,HTI,L'UNDSS relève le niveau de sécurité au Haïti
demo06700,2026-08-01T06:36:00+00:00,2026-08-01T06:36:00+00:00,Google News,El Ejemplo,,en,UNDSS praised for safe evacuation of UN staff from Lebanon,https://example.org/demo/demo06700,positive,1.0,demo,Travel advisories & restrictions|Staff safety,False,LBN,UNDSS praised for safe evacuation of UN staff from Lebanon
demo06701,2026-08-01T01:37:00+00:00,2026-08-01T01:37:00+00:00,GDELT news,dailyreport.example,,fr,Attaque contre un convoi de l'ONU au Liban,https://example.org/demo/demo06701,negative,-1.0,demo,Security incidents,False,LBN,Attaque contre un convoi de l'ONU au Liban
demo06803,2026-07-31T09:12:00+00:00,2026-07-31T09:12:00+00:00,GDELT news,lemonde-demo.example,,en,UNDSS and NGOs agree joint security coordination in Afghanistan,https://example.org/demo/demo06803,positive,1.0,demo,Institution & leadership,False,AFG,UNDSS and NGOs agree joint security coordination in Afghanistan
demo06804,2026-07-31T02:55:00+00:00,2026-07-31T02:55:00+00:00,GDELT news,worldnews.example,,en,UNDSS updates travel advisory for Lebanon,https://example.org/demo/demo06804,neutral,0.0,demo,Travel advisories & restrictions,False,LBN,UNDSS updates travel advisory for Lebanon
demo06800,2026-07-31T02:52:00+00:00,2026-07-31T02:52:00+00:00,GDELT news,dailyreport.example,,en,Staff union criticizes UNDSS over slow evacuation from Syria,https://example.org/demo/demo06800,negative,-1.0,demo,Travel advisories & restrictions,False,SYR,Staff union criticizes UNDSS over slow evacuation from Syria
demo06802,2026-07-30T23:50:00+00:00,2026-07-30T23:50:00+00:00,GDELT news,globalwire.example,,fr,Le personnel de l'ONU évacué après une embuscade au Syrie,https://example.org/demo/demo06802,negative,-1.0,demo,Security incidents|Travel advisories & restrictions|Staff safety,False,SYR,Le personnel de l'ONU évacué après une embuscade au Syrie
demo06801,2026-07-30T23:44:00+00:00,2026-07-30T23:44:00+00:00,Google News,El Ejemplo,,en,"UN staff in Gaza told to follow new curfew, says UNDSS",https://example.org/demo/demo06801,neutral,0.0,demo,Travel advisories & restrictions|Staff safety,False,PSE,"UN staff in Gaza told to follow new curfew, says UNDSS"
demo06903,2026-07-30T18:01:00+00:00,2026-07-30T18:01:00+00:00,Google News,El Ejemplo,,es,UNDSS actualiza el nivel de seguridad en Colombia,https://example.org/demo/demo06903,neutral,0.0,demo,Travel advisories & restrictions,False,COL,UNDSS actualiza el nivel de seguridad en Colombia
demo06901,2026-07-30T15:45:00+00:00,2026-07-30T15:45:00+00:00,Google News,Sample Gazette,,es,Critican a UNDSS por fracaso en la protección del personal,https://example.org/demo/demo06901,negative,-1.0,demo,Institution & leadership,True,,Critican a UNDSS por fracaso en la protección del personal
demo06900,2026-07-30T06:12:00+00:00,2026-07-30T06:12:00+00:00,GDELT news,worldnews.example,,en,"Explosion near UN compound in Mali, staff relocated",https://example.org/demo/demo06900,negative,-1.0,demo,Security incidents|Travel advisories & restrictions,False,MLI,"Explosion near UN compound in Mali, staff relocated"
demo06902,2026-07-30T06:04:00+00:00,2026-07-30T06:04:00+00:00,Google News,Example Times,,en,Staff union criticizes UNDSS over slow evacuation from Nigeria,https://example.org/demo/demo06902,negative,-1.0,demo,Travel advisories & restrictions,False,NGA,Staff union criticizes UNDSS over slow evacuation from Nigeria
demo07002,2026-07-29T16:07:00+00:00,2026-07-29T16:07:00+00:00,GDELT news,worldnews.example,,en,"UN staff in Mali told to follow new curfew, says UNDSS",https://example.org/demo/demo07002,neutral,0.0,demo,Travel advisories & restrictions|Staff safety,False,MLI,"UN staff in Mali told to follow new curfew, says UNDSS"
demo07003,2026-07-29T13:15:00+00:00,2026-07-29T13:15:00+00:00,GDELT news,globalwire.example,,en,UNDSS official briefs member states on field security,https://example.org/demo/demo07003,neutral,0.0,demo,Institution & leadership,False,,UNDSS official briefs member states on field security
demo07001,2026-07-29T04:17:00+00:00,2026-07-29T04:17:00+00:00,GDELT news,lemonde-demo.example,,en,UNDSS praised for safe evacuation of UN staff from Mali,https://example.org/demo/demo07001,positive,1.0,demo,Travel advisories & restrictions|Staff safety,False,MLI,UNDSS praised for safe evacuation of UN staff from Mali
demo07000,2026-07-28T21:37:00+00:00,2026-07-28T21:37:00+00:00,Bluesky,@reporter.example,,en,New UN security training welcomed by humanitarian partners,https://example.org/demo/demo07000,positive,1.0,demo,Institution & leadership,False,,New UN security training welcomed by humanitarian partners
demo07102,2026-07-28T17:08:00+00:00,2026-07-28T17:08:00+00:00,GDELT news,lemonde-demo.example,,en,UN convoy attacked near Afghanistan; UNDSS reviewing security procedures,https://example.org/demo/demo07102,negative,-1.0,demo,Security incidents,False,AFG,UN convoy attacked near Afghanistan; UNDSS reviewing security procedures
demo07101,2026-07-28T16:03:00+00:00,2026-07-28T16:03:00+00:00,GDELT news,dailyreport.example,,fr,Le personnel de l'ONU évacué après une embuscade au Liban,https://example.org/demo/demo07101,negative,-1.0,demo,Security incidents|Travel advisories & restrictions|Staff safety,False,LBN,Le personnel de l'ONU évacué après une embuscade au Liban
demo07103,2026-07-28T15:13:00+00:00,2026-07-28T15:13:00+00:00,Google News,Sample Gazette,,ar,إدارة شؤون السلامة والأمن تحدث مستوى الأمن في اليمن,https://example.org/demo/demo07103,neutral,0.0,demo,Institution & leadership,False,YEM,إدارة شؤون السلامة والأمن تحدث مستوى الأمن في اليمن
demo07100,2026-07-27T22:54:00+00:00,2026-07-27T22:54:00+00:00,GDELT news,dailyreport.example,,fr,Le personnel de l'ONU évacué après une embuscade au Mali,https://example.org/demo/demo07100,negative,-1.0,demo,Security incidents|Travel advisories & restrictions|Staff safety,False,MLI,Le personnel de l'ONU évacué après une embuscade au Mali
demo07202,2026-07-27T17:30:00+00:00,2026-07-27T17:30:00+00:00,Reddit,r/worldnews,,en,UNDSS official briefs member states on field security,https://example.org/demo/demo07202,neutral,0.0,demo,Institution & leadership,False,,UNDSS official briefs member states on field security
demo07200,2026-07-27T17:18:00+00:00,2026-07-27T17:18:00+00:00,Bluesky,@analyst.example,,en,UNDSS and NGOs agree joint security coordination in Myanmar,https://example.org/demo/demo07200,positive,1.0,demo,Institution & leadership,False,MMR,UNDSS and NGOs agree joint security coordination in Myanmar
demo07203,2026-07-27T15:39:00+00:00,2026-07-27T15:39:00+00:00,GDELT news,worldnews.example,,en,Aid workers killed in DR Congo as UN raises security level,https://example.org/demo/demo07203,negative,-1.0,demo,Security incidents|Travel advisories & restrictions|Staff safety,False,COD,Aid workers killed in DR Congo as UN raises security level
demo07201,2026-07-27T12:14:00+00:00,2026-07-27T12:14:00+00:00,Reddit,r/UnitedNations,,en,UNDSS updates travel advisory for Gaza,https://example.org/demo/demo07201,neutral,0.0,demo,Travel advisories & restrictions,False,PSE,UNDSS updates travel advisory for Gaza
demo07301,2026-07-26T01:09:00+00:00,2026-07-26T01:09:00+00:00,Reddit,r/worldnews,,fr,"Évacuation réussie du personnel de l'ONU au Niger, salue l'UNDSS",https://example.org/demo/demo07301,positive,1.0,demo,Travel advisories & restrictions|Staff safety,False,NER,"Évacuation réussie du personnel de l'ONU au Niger, salue l'UNDSS"
demo07302,2026-07-25T23:37:00+00:00,2026-07-25T23:37:00+00:00,GDELT news,globalwire.example,,fr,L'UNDSS relève le niveau de sécurité au Mali,https://example.org/demo/demo07302,neutral,0.0,demo,Travel advisories & restrictions,False,MLI,L'UNDSS relève le niveau de sécurité au Mali
demo07303,2026-07-25T22:45:00+00:00,2026-07-25T22:45:00+00:00,Google News,El Ejemplo,,en,UNDSS updates travel advisory for Sudan,https://example.org/demo/demo07303,neutral,0.0,demo,Travel advisories & restrictions,False,SDN,UNDSS updates travel advisory for Sudan
demo07300,2026-07-25T21:03:00+00:00,2026-07-25T21:03:00+00:00,GDELT news,lemonde-demo.example,,fr,L'UNDSS relève le niveau de sécurité au Syrie,https://example.org/demo/demo07300,neutral,0.0,demo,Travel advisories & restrictions,False,SYR,L'UNDSS relève le niveau de sécurité au Syrie
demo07400,2026-07-24T23:46:00+00:00,2026-07-24T23:46:00+00:00,GDELT news,globalwire.example,,en,UNDSS updates travel advisory for Mali,https://example.org/demo/demo07400,neutral,0.0,demo,Travel advisories & restrictions,False,MLI,UNDSS updates travel advisory for Mali
demo07401,2026-07-24T21:10:00+00:00,2026-07-24T21:10:00+00:00,Google News,El Ejemplo,,en,UN Department of Safety and Security publishes annual report,https://example.org/demo/demo07401,neutral,0.0,demo,Institution & leadership,False,,UN Department of Safety and Security publishes annual report
demo07502,2026-07-24T19:55:00+00:00,2026-07-24T19:55:00+00:00,Google News,Sample Gazette,,en,UN Department of Safety and Security publishes annual report,https://example.org/demo/demo07502,neutral,0.0,demo,Institution & leadership,False,,UN Department of Safety and Security publishes annual report
demo07501,2026-07-24T09:36:00+00:00,2026-07-24T09:36:00+00:00,GDELT news,globalwire.example,,en,New UN security training welcomed by humanitarian partners,https://example.org/demo/demo07501,positive,1.0,demo,Institution & leadership,False,,New UN security training welcomed by humanitarian partners
demo07500,2026-07-24T02:40:00+00:00,2026-07-24T02:40:00+00:00,Bluesky,@reporter.example,,en,Staff union criticizes UNDSS over slow evacuation from Somalia,https://example.org/demo/demo07500,negative,-1.0,demo,Travel advisories & restrictions,False,SOM,Staff union criticizes UNDSS over slow evacuation from Somalia
demo07600,2026-07-23T19:44:00+00:00,2026-07-23T19:44:00+00:00,GDELT news,globalwire.example,,fr,Attaque contre un convoi de l'ONU au Syrie,https://example.org/demo/demo07600,negative,-1.0,demo,Security incidents,False,SYR,Attaque contre un convoi de l'ONU au Syrie
demo07604,2026-07-23T18:55:00+00:00,2026-07-23T18:55:00+00:00,GDELT news,lemonde-demo.example,,en,"UN staff in Colombia told to follow new curfew, says UNDSS",https://example.org/demo/demo07604,neutral,0.0,demo,Travel advisories & restrictions|Staff safety,False,COL,"UN staff in Colombia told to follow new curfew, says UNDSS"
demo07605,2026-07-23T18:31:00+00:00,2026-07-23T18:31:00+00:00,Google News,Demo Herald,,es,UNDSS actualiza el nivel de seguridad en Gaza,https://example.org/demo/demo07605,neutral,0.0,demo,Travel advisories & restrictions,False,PSE,UNDSS actualiza el nivel de seguridad en Gaza
demo07601,2026-07-23T12:01:00+00:00,2026-07-23T12:01:00+00:00,Google News,El Ejemplo,,en,UN Department of Safety and Security publishes annual report,https://example.org/demo/demo07601,neutral,0.0,demo,Institution & leadership,False,,UN Department of Safety and Security publishes annual report
demo07603,2026-07-23T08:57:00+00:00,2026-07-23T08:57:00+00:00,GDELT news,dailyreport.example,,fr,"Évacuation réussie du personnel de l'ONU au Haïti, salue l'UNDSS",https://example.org/demo/demo07603,positive,1.0,demo,Travel advisories & restrictions|Staff safety,False,HTI,"Évacuation réussie du personnel de l'ONU au Haïti, salue l'UNDSS"
demo07602,2026-07-23T07:28:00+00:00,2026-07-23T07:28:00+00:00,GDELT news,worldnews.example,,en,UNDSS and NGOs agree joint security coordination in Mali,https://example.org/demo/demo07602,positive,1.0,demo,Institution & leadership,False,MLI,UNDSS and NGOs agree joint security coordination in Mali
demo07702,2026-07-22T18:27:00+00:00,2026-07-22T18:27:00+00:00,Google News,Demo Herald,,en,"UN staff in Colombia told to follow new curfew, says UNDSS",https://example.org/demo/demo07702,neutral,0.0,demo,Travel advisories & restrictions|Staff safety,False,COL,"UN staff in Colombia told to follow new curfew, says UNDSS"
demo07700,2026-07-22T17:43:00+00:00,2026-07-22T17:43:00+00:00,GDELT news,globalwire.example,,en,Aid workers killed in Myanmar as UN raises security level,https://example.org/demo/demo07700,negative,-1.0,demo,Security incidents|Travel advisories & restrictions|Staff safety,False,MMR,Aid workers killed in Myanmar as UN raises security level
demo07701,2026-07-22T16:31:00+00:00,2026-07-22T16:31:00+00:00,GDELT news,globalwire.example,,fr,"Évacuation réussie du personnel de l'ONU au Niger, salue l'UNDSS",https://example.org/demo/demo07701,positive,1.0,demo,Travel advisories & restrictions|Staff safety,False,NER,"Évacuation réussie du personnel de l'ONU au Niger, salue l'UNDSS"
demo07703,2026-07-22T10:20:00+00:00,2026-07-22T10:20:00+00:00,GDELT news,worldnews.example,,ar,نجاح إجلاء موظفي الأمم المتحدة من السودان,https://example.org/demo/demo07703,positive,1.0,demo,Travel advisories & restrictions|Staff safety,False,SDN,نجاح إجلاء موظفي الأمم المتحدة من السودان
demo07800,2026-07-21T15:08:00+00:00,2026-07-21T15:08:00+00:00,GDELT news,lemonde-demo.example,,en,Aid workers killed in Colombia as UN raises security level,https://example.org/demo/demo07800,negative,-1.0,demo,Security incidents|Travel advisories & restrictions|Staff safety,False,COL,Aid workers killed in Colombia as UN raises security level
demo07801,2026-07-21T03:24:00+00:00,2026-07-21T03:24:00+00:00,GDELT news,lemonde-demo.example,,es,UNDSS actualiza el nivel de seguridad en Gaza,https://example.org/demo/demo07801,neutral,0.0,demo,Travel advisories & restrictions,False,PSE,UNDSS actualiza el nivel de seguridad en Gaza
demo07902,2026-07-20T17:53:00+00:00,2026-07-20T17:53:00+00:00,Google News,Demo Herald,,fr,Le Département de la sûreté et de la sécurité publie un rapport,https://example.org/demo/demo07902,neutral,0.0,demo,Institution & leadership,False,,Le Département de la sûreté et de la sécurité publie un rapport
demo07900,2026-07-20T07:39:00+00:00,2026-07-20T07:39:00+00:00,Bluesky,@aidworker.example,,ar,نجاح إجلاء موظفي الأمم المتحدة من سوريا,https://example.org/demo/demo07900,positive,1.0,demo,Travel advisories & restrictions|Staff safety,False,SYR,نجاح إجلاء موظفي الأمم المتحدة من سوريا
demo07901,2026-07-20T02:31:00+00:00,2026-07-20T02:31:00+00:00,GDELT news,lemonde-demo.example,,en,Staff union criticizes UNDSS over slow evacuation from Myanmar,https://example.org/demo/demo07901,negative,-1.0,demo,Travel advisories & restrictions,False,MMR,Staff union criticizes UNDSS over slow evacuation from Myanmar
demo08001,2026-07-19T17:18:00+00:00,2026-07-19T17:18:00+00:00,GDELT news,dailyreport.example,,es,Critican a UNDSS por fracaso en la protección del personal,https://example.org/demo/demo08001,negative,-1.0,demo,Institution & leadership,True,,Critican a UNDSS por fracaso en la protección del personal
demo08003,2026-07-19T16:35:00+00:00,2026-07-19T16:35:00+00:00,GDELT news,lemonde-demo.example,,fr,Le personnel de l'ONU évacué après une embuscade au Haïti,https://example.org/demo/demo08003,negative,-1.0,demo,Security incidents|Travel advisories & restrictions|Staff safety,False,HTI,Le personnel de l'ONU évacué après une embuscade au Haïti
demo08002,2026-07-19T15:15:00+00:00,2026-07-19T15:15:00+00:00,Bluesky,@analyst.example,,en,UN convoy attacked near Gaza; UNDSS reviewing security procedures,https://example.org/demo/demo08002,negative,-1.0,demo,Security incidents,False,PSE,UN convoy attacked near Gaza; UNDSS reviewing security procedures
demo08000,2026-07-19T11:01:00+00:00,2026-07-19T11:01:00+00:00,Google News,Demo Herald,,en,UN Department of Safety and Security publishes annual report,https://example.org/demo/demo08000,neutral,0.0,demo,Institution & leadership,False,,UN Department of Safety and Security publishes annual report
demo08101,2026-07-18T11:58:00+00:00,2026-07-18T11:58:00+00:00,GDELT news,globalwire.example,,es,Ataque contra convoy de la ONU en Ukraine deja heridos,https://example.org/demo/demo08101,negative,-1.0,demo,Security incidents,False,UKR,Ataque contra convoy de la ONU en Ukraine deja heridos
demo08100,2026-07-18T03:27:00+00:00,2026-07-18T03:27:00+00:00,GDELT news,lemonde-demo.example,,en,UNDSS updates travel advisory for Haiti,https://example.org/demo/demo08100,neutral,0.0,demo,Travel advisories & restrictions,False,HTI,UNDSS updates travel advisory for Haiti
demo08102,2026-07-18T00:28:00+00:00,2026-07-18T00:28:00+00:00,GDELT news,dailyreport.example,,en,UNDSS updates travel advisory for Nigeria,https://example.org/demo/demo08102,neutral,0.0,demo,Travel advisories & restrictions,False,NGA,UNDSS updates travel advisory for Nigeria
demo08200,2026-07-17T03:52:00+00:00,2026-07-17T03:52:00+00:00,Reddit,r/worldnews,,ar,إدارة شؤون السلامة والأمن تحدث مستوى الأمن في سوريا,https://example.org/demo/demo08200,neutral,0.0,demo,Institution & leadership,False,SYR,إدارة شؤون السلامة والأمن تحدث مستوى الأمن في سوريا
demo08201,2026-07-17T01:00:00+00:00,2026-07-17T01:00:00+00:00,Google News,Demo Herald,,en,UNDSS official briefs member states on field security,https://example.org/demo/demo08201,neutral,0.0,demo,Institution & leadership,False,,UNDSS official briefs member states on field security
demo08300,2026-07-16T15:59:00+00:00,2026-07-16T15:59:00+00:00,GDELT news,dailyreport.example,,en,UN Department of Safety and Security publishes annual report,https://example.org/demo/demo08300,neutral,0.0,demo,Institution & leadership,False,,UN Department of Safety and Security publishes annual report
demo08303,2026-07-16T13:59:00+00:00,2026-07-16T13:59:00+00:00,Reddit,r/humanitarian,,en,UNDSS praised for safe evacuation of UN staff from Mali,https://example.org/demo/demo08303,positive,1.0,demo,Travel advisories & restrictions|Staff safety,False,MLI,UNDSS praised for safe evacuation of UN staff from Mali
demo08304,2026-07-16T06:07:00+00:00,2026-07-16T06:07:00+00:00,GDELT news,dailyreport.example,,en,"UN staff in Nigeria told to follow new curfew, says UNDSS",https://example.org/demo/demo08304,neutral,0.0,demo,Travel advisories & restrictions|Staff safety,False,NGA,"UN staff in Nigeria told to follow new curfew, says UNDSS"
demo08301,2026-07-16T00:30:00+00:00,2026-07-16T00:30:00+00:00,Google News,Sample Gazette,,en,UN Department of Safety and Security publishes annual report,https://example.org/demo/demo08301,neutral,0.0,demo,Institution & leadership,False,,UN Department of Safety and Security publishes annual report
demo08302,2026-07-15T20:19:00+00:00,2026-07-15T20:19:00+00:00,Google News,Example Times,,en,UNDSS updates travel advisory for Sudan,https://example.org/demo/demo08302,neutral,0.0,demo,Travel advisories & restrictions,False,SDN,UNDSS updates travel advisory for Sudan
demo08400,2026-07-15T19:10:00+00:00,2026-07-15T19:10:00+00:00,Google News,Sample Gazette,,fr,Le personnel de l'ONU évacué après une embuscade au Soudan,https://example.org/demo/demo08400,negative,-1.0,demo,Security incidents|Travel advisories & restrictions|Staff safety,False,SDN,Le personnel de l'ONU évacué après une embuscade au Soudan
demo08403,2026-07-15T16:02:00+00:00,2026-07-15T16:02:00+00:00,Reddit,r/humanitarian,,en,UNDSS updates travel advisory for Nigeria,https://example.org/demo/demo08403,neutral,0.0,demo,Travel advisories & restrictions,False,NGA,UNDSS updates travel advisory for Nigeria
demo08402,2026-07-15T04:21:00+00:00,2026-07-15T04:21:00+00:00,GDELT news,globalwire.example,,en,Aid workers killed in Afghanistan as UN raises security level,https://example.org/demo/demo08402,negative,-1.0,demo,Security incidents|Travel advisories & restrictions|Staff safety,False,AFG,Aid workers killed in Afghanistan as UN raises security level
demo08404,2026-07-14T23:39:00+00:00,2026-07-14T23:39:00+00:00,GDELT news,globalwire.example,,es,UNDSS actualiza el nivel de seguridad en Afghanistan,https://example.org/demo/demo08404,neutral,0.0,demo,Travel advisories & restrictions,False,AFG,UNDSS actualiza el nivel de seguridad en Afghanistan
demo08401,2026-07-14T20:38:00+00:00,2026-07-14T20:38:00+00:00,GDELT news,worldnews.example,,en,Staff union criticizes UNDSS over slow evacuation from South Sudan,https://example.org/demo/demo08401,negative,-1.0,demo,Travel advisories & restrictions,False,SSD|SDN,Staff union criticizes UNDSS over slow evacuation from South Sudan
demo08503,2026-07-14T19:12:00+00:00,2026-07-14T19:12:00+00:00,Google News,Sample Gazette,,en,UNDSS praised for safe evacuation of UN staff from Somalia,https://example.org/demo/demo08503,positive,1.0,demo,Travel advisories & restrictions|Staff safety,False,SOM,UNDSS praised for safe evacuation of UN staff from Somalia
demo08502,2026-07-14T14:27:00+00:00,2026-07-14T14:27:00+00:00,Reddit,r/UnitedNations,,en,UNDSS official briefs member states on field security,https://example.org/demo/demo08502,neutral,0.0,demo,Institution & leadership,False,,UNDSS official briefs member states on field security
demo08505,2026-07-14T13:09:00+00:00,2026-07-14T13:09:00+00:00,GDELT news,dailyreport.example,,en,UNDSS and NGOs agree joint security coordination in Somalia,https://example.org/demo/demo08505,positive,1.0,demo,Institution & leadership,False,SOM,UNDSS and NGOs agree joint security coordination in Somalia
demo08500,2026-07-14T11:38:00+00:00,2026-07-14T11:38:00+00:00,GDELT news,worldnews.example,,en,New UN security training welcomed by humanitarian partners,https://example.org/demo/demo08500,positive,1.0,demo,Institution & leadership,False,,New UN security training welcomed by humanitarian partners
demo08501,2026-07-14T10:55:00+00:00,2026-07-14T10:55:00+00:00,GDELT news,dailyreport.example,,en,UNDSS accused of risk aversion limiting aid access in Afghanistan,https://example.org/demo/demo08501,negative,-1.0,demo,Institution & leadership,True,AFG,UNDSS accused of risk aversion limiting aid access in Afghanistan
demo08504,2026-07-14T08:11:00+00:00,2026-07-14T08:11:00+00:00,Bluesky,@reporter.example,,ar,نجاح إجلاء موظفي الأمم المتحدة من لبنان,https://example.org/demo/demo08504,positive,1.0,demo,Travel advisories & restrictions|Staff safety,False,LBN,نجاح إجلاء موظفي الأمم المتحدة من لبنان
demo08602,2026-07-13T13:32:00+00:00,2026-07-13T13:32:00+00:00,GDELT news,dailyreport.example,,en,UNDSS updates travel advisory for Mali,https://example.org/demo/demo08602,neutral,0.0,demo,Travel advisories & restrictions,False,MLI,UNDSS updates travel advisory for Mali
demo08600,2026-07-13T09:52:00+00:00,2026-07-13T09:52:00+00:00,Google News,Example Times,,en,Staff union criticizes UNDSS over slow evacuation from Ukraine,https://example.org/demo/demo08600,negative,-1.0,demo,Travel advisories & restrictions,False,UKR,Staff union criticizes UNDSS over slow evacuation from Ukraine
demo08601,2026-07-13T07:35:00+00:00,2026-07-13T07:35:00+00:00,Google News,El Ejemplo,,en,UNDSS and NGOs agree joint security coordination in Syria,https://example.org/demo/demo08601,positive,1.0,demo,Institution & leadership,False,SYR,UNDSS and NGOs agree joint security coordination in Syria
demo08603,2026-07-13T02:54:00+00:00,2026-07-13T02:54:00+00:00,Google News,Sample Gazette,,en,UNDSS updates travel advisory for Haiti,https://example.org/demo/demo08603,neutral,0.0,demo,Travel advisories & restrictions,False,HTI,UNDSS updates travel advisory for Haiti
demo08702,2026-07-12T19:29:00+00:00,2026-07-12T19:29:00+00:00,Google News,Demo Herald,,ar,هجوم على قافلة للأمم المتحدة في اليمن,https://example.org/demo/demo08702,negative,-1.0,demo,Security incidents,False,YEM,هجوم على قافلة للأمم المتحدة في اليمن
demo08701,2026-07-12T08:17:00+00:00,2026-07-12T08:17:00+00:00,Google News,El Ejemplo,,es,Elogian a UNDSS por apoyo a trabajadores humanitarios en Syria,https://example.org/demo/demo08701,positive,1.0,demo,Staff safety,False,SYR,Elogian a UNDSS por apoyo a trabajadores humanitarios en Syria
demo08700,2026-07-12T07:25:00+00:00,2026-07-12T07:25:00+00:00,GDELT news,worldnews.example,,fr,L'UNDSS relève le niveau de sécurité au Soudan,https://example.org/demo/demo08700,neutral,0.0,demo,Travel advisories & restrictions,False,SDN,L'UNDSS relève le niveau de sécurité au Soudan
demo08801,2026-07-11T13:11:00+00:00,2026-07-11T13:11:00+00:00,GDELT news,worldnews.example,,en,UNDSS updates travel advisory for Yemen,https://example.org/demo/demo08801,neutral,0.0,demo,Travel advisories & restrictions,False,YEM,UNDSS updates travel advisory for Yemen
demo08800,2026-07-11T07:04:00+00:00,2026-07-11T07:04:00+00:00,GDELT news,worldnews.example,,en,UNDSS official briefs member states on field security,https://example.org/demo/demo08800,neutral,0.0,demo,Institution & leadership,False,,UNDSS official briefs member states on field security
demo08905,2026-07-10T17:43:00+00:00,2026-07-10T17:43:00+00:00,GDELT news,lemonde-demo.example,,en,UNDSS official briefs member states on field security,https://example.org/demo/demo08905,neutral,0.0,demo,Institution & leadership,False,,UNDSS official briefs member states on field security
demo08902,2026-07-10T10:27:00+00:00,2026-07-10T10:27:00+00:00,GDELT news,lemonde-demo.example,,en,Aid workers killed in Nigeria as UN raises security level,https://example.org/demo/demo08902,negative,-1.0,demo,Security incidents|Travel advisories & restrictions|Staff safety,False,NGA,Aid workers killed in Nigeria as UN raises security level
demo08903,2026-07-10T06:50:00+00:00,2026-07-10T06:50:00+00:00,GDELT news,worldnews.example,,es,UNDSS actualiza el nivel de seguridad en Gaza,https://example.org/demo/demo08903,neutral,0.0,demo,Travel advisories & restrictions,False,PSE,UNDSS actualiza el nivel de seguridad en Gaza
demo08901,2026-07-10T05:37:00+00:00,2026-07-10T05:37:00+00:00,GDELT news,worldnews.example,,en,"UN staff in Nigeria told to follow new curfew, says UNDSS",https://example.org/demo/demo08901,neutral,0.0,demo,Travel advisories & restrictions|Staff safety,False,NGA,"UN staff in Nigeria told to follow new curfew, says UNDSS"
demo08900,2026-07-10T01:57:00+00:00,2026-07-10T01:57:00+00:00,Google News,Demo Herald,,en,"Explosion near UN compound in Haiti, staff relocated",https://example.org/demo/demo08900,negative,-1.0,demo,Security incidents|Travel advisories & restrictions,False,HTI,"Explosion near UN compound in Haiti, staff relocated"
demo08904,2026-07-10T01:10:00+00:00,2026-07-10T01:10:00+00:00,Google News,Sample Gazette,,en,UNDSS updates travel advisory for Sudan,https://example.org/demo/demo08904,neutral,0.0,demo,Travel advisories & restrictions,False,SDN,UNDSS updates travel advisory for Sudan
demo09000,2026-07-09T18:02:00+00:00,2026-07-09T18:02:00+00:00,GDELT news,dailyreport.example,,ar,إدارة شؤون السلامة والأمن تحدث مستوى الأمن في السودان,https://example.org/demo/demo09000,neutral,0.0,demo,Institution & leadership,False,SDN,إدارة شؤون السلامة والأمن تحدث مستوى الأمن في السودان
demo09002,2026-07-09T12:58:00+00:00,2026-07-09T12:58:00+00:00,GDELT news,dailyreport.example,,ar,إدارة شؤون السلامة والأمن تحدث مستوى الأمن في السودان,https://example.org/demo/demo09002,neutral,0.0,demo,Institution & leadership,False,SDN,إدارة شؤون السلامة والأمن تحدث مستوى الأمن في السودان
demo09001,2026-07-09T06:57:00+00:00,2026-07-09T06:57:00+00:00,GDELT news,globalwire.example,,en,UN Department of Safety and Security publishes annual report,https://example.org/demo/demo09001,neutral,0.0,demo,Institution & leadership,False,,UN Department of Safety and Security publishes annual report
demo09003,2026-07-08T22:49:00+00:00,2026-07-08T22:49:00+00:00,GDELT news,globalwire.example,,en,"Explosion near UN compound in Haiti, staff relocated",https://example.org/demo/demo09003,negative,-1.0,demo,Security incidents|Travel advisories & restrictions,False,HTI,"Explosion near UN compound in Haiti, staff relocated"
